Timestamp,Sensor_ID,Resistance_Ohms
2025-11-16 15:59:26.890,0,27349.84
2025-11-16 15:59:26.890,1,33495.87
2025-11-16 15:59:26.890,2,35335.6
2025-11-16 15:59:26.890,3,34640.03
2025-11-16 15:59:26.890,4,34640.03
2025-11-16 15:59:26.890,5,36053.13
2025-11-16 15:59:26.890,6,35134.67
2025-11-16 15:59:26.890,7,35640.36
2025-11-16 15:59:26.890,8,35640.36
2025-11-16 15:59:26.890,9,35184.73
2025-11-16 15:59:26.890,10,35897.47
2025-11-16 15:59:26.890,11,35234.91
2025-11-16 15:59:26.890,12,35184.73
2025-11-16 15:59:26.890,13,35742.86
2025-11-16 15:59:26.890,14,37725.46
2025-11-16 15:59:26.890,15,36053.13
2025-11-16 15:59:26.890,16,38120.0
2025-11-16 15:59:26.890,17,37781.43
2025-11-16 15:59:26.890,18,39165.01
2025-11-16 15:59:26.890,19,40568.07
2025-11-16 15:59:26.890,20,40505.41
2025-11-16 15:59:26.890,21,42053.34
2025-11-16 15:59:26.890,22,36001.13
2025-11-16 15:59:26.890,23,40505.41
2025-11-16 15:59:26.890,24,36901.41
2025-11-16 15:59:26.890,25,38463.37
2025-11-16 15:59:26.890,26,41920.75
2025-11-16 15:59:26.890,27,38405.8
2025-11-16 15:59:26.890,28,38463.37
2025-11-16 15:59:26.890,29,39283.93
2025-11-16 15:59:26.890,30,38063.23
2025-11-16 15:59:26.890,31,39704.69
2025-11-16 15:59:26.890,32,70663.95
2025-11-16 15:59:26.890,33,38348.37
2025-11-16 15:59:26.890,34,38463.37
2025-11-16 15:59:26.890,35,40756.99
2025-11-16 15:59:26.890,36,39283.93
2025-11-16 15:59:26.890,37,39403.42
2025-11-16 15:59:26.890,38,44415.61
2025-11-16 15:59:26.890,39,49845.72
2025-11-16 15:59:26.890,40,134609.98
2025-11-16 15:59:26.890,41,101482.63
2025-11-16 15:59:26.890,42,38348.37
2025-11-16 15:59:26.890,43,38348.37
2025-11-16 15:59:26.890,44,54787.84
2025-11-16 15:59:26.890,45,144441.03
2025-11-16 15:59:26.890,46,80294.42
2025-11-16 15:59:26.890,47,80294.42
2025-11-16 15:59:26.890,48,109291.9
2025-11-16 15:59:26.890,49,113248.5
2025-11-16 15:59:26.890,50,117875.0
2025-11-16 15:59:26.890,51,118680.02
2025-11-16 15:59:26.890,52,115134.95
2025-11-16 15:59:26.890,53,120320.87
2025-11-16 15:59:26.890,54,119086.36
2025-11-16 15:59:26.890,55,120737.61
2025-11-16 15:59:26.890,56,115134.95
2025-11-16 15:59:26.890,57,114373.48
2025-11-16 15:59:26.890,58,113621.23
2025-11-16 15:59:26.890,59,120320.87
2025-11-16 15:59:26.890,60,113621.23
2025-11-16 15:59:26.890,61,119906.74
2025-11-16 15:59:26.890,62,121579.19
2025-11-16 15:59:26.890,63,119906.74
2025-11-16 15:59:26.890,64,115134.95
2025-11-16 15:59:26.890,65,122431.63
2025-11-16 15:59:26.890,66,127787.46
2025-11-16 15:59:26.890,67,123295.2
2025-11-16 15:59:26.890,68,129670.22
2025-11-16 15:59:26.890,69,134609.98
2025-11-16 15:59:26.890,70,119086.36
2025-11-16 15:59:26.890,71,132592.78
2025-11-16 15:59:26.890,72,123295.2
2025-11-16 15:59:26.890,73,123295.2
2025-11-16 15:59:26.890,74,130631.02
2025-11-16 15:59:26.890,75,127787.46
2025-11-16 15:59:26.890,76,122431.63
2025-11-16 15:59:26.890,77,123295.2
2025-11-16 15:59:26.890,78,125954.73
2025-11-16 15:59:26.890,79,133091.78
2025-11-16 15:59:26.890,80,192647.28
2025-11-16 15:59:26.890,81,124170.08
2025-11-16 15:59:26.890,82,125504.14
2025-11-16 15:59:26.890,83,128722.46
2025-11-16 15:59:26.890,84,125954.73
2025-11-16 15:59:26.890,85,127324.66
2025-11-16 15:59:26.890,86,136685.03
2025-11-16 15:59:26.890,87,155036.28
2025-11-16 15:59:26.890,88,346048.91
2025-11-16 15:59:26.890,89,257587.41
2025-11-16 15:59:26.890,90,127787.46
2025-11-16 15:59:26.890,91,127787.46
2025-11-16 15:59:26.890,92,104288.4
2025-11-16 15:59:26.890,93,183998.22
2025-11-16 15:59:26.890,94,162702.02
2025-11-16 15:59:26.890,95,162702.02
2025-11-16 15:59:26.890,96,77209.76
2025-11-16 15:59:26.890,97,79503.01
2025-11-16 15:59:26.890,98,79503.01
2025-11-16 15:59:26.890,99,78725.33
2025-11-16 15:59:26.890,100,77961.02
2025-11-16 15:59:26.890,101,80294.42
2025-11-16 15:59:26.890,102,79112.48
2025-11-16 15:59:26.890,103,79896.98
2025-11-16 15:59:26.890,104,80294.42
2025-11-16 15:59:26.890,105,79503.01
2025-11-16 15:59:26.890,106,80294.42
2025-11-16 15:59:26.890,107,79503.01
2025-11-16 15:59:26.890,108,82754.82
2025-11-16 15:59:26.890,109,81508.11
2025-11-16 15:59:26.890,110,82965.91
2025-11-16 15:59:26.890,111,77209.76
2025-11-16 15:59:26.890,112,75386.48
2025-11-16 15:59:26.890,113,82965.91
2025-11-16 15:59:26.890,114,83177.96
2025-11-16 15:59:26.890,115,77583.78
2025-11-16 15:59:26.890,116,87167.16
2025-11-16 15:59:26.890,117,92531.65
2025-11-16 15:59:26.890,118,76471.19
2025-11-16 15:59:26.890,119,87631.56
2025-11-16 15:59:26.890,120,78725.33
2025-11-16 15:59:26.890,121,81919.95
2025-11-16 15:59:26.890,122,84252.88
2025-11-16 15:59:26.890,123,82965.91
2025-11-16 15:59:26.890,124,81919.95
2025-11-16 15:59:26.890,125,80095.27
2025-11-16 15:59:26.890,126,80294.42
2025-11-16 15:59:26.890,127,85352.86
2025-11-16 15:59:26.890,128,136160.72
2025-11-16 15:59:26.890,129,82754.82
2025-11-16 15:59:26.890,130,83604.98
2025-11-16 15:59:26.890,131,86707.14
2025-11-16 15:59:26.890,132,84035.92
2025-11-16 15:59:26.890,133,84035.92
2025-11-16 15:59:26.890,134,93048.8
2025-11-16 15:59:26.890,135,102712.45
2025-11-16 15:59:26.890,136,255849.03
2025-11-16 15:59:26.890,137,175214.38
2025-11-16 15:59:26.890,138,81713.57
2025-11-16 15:59:26.890,139,81713.57
2025-11-16 15:59:26.890,140,91010.8
2025-11-16 15:59:26.890,141,191648.39
2025-11-16 15:59:26.890,142,134609.98
2025-11-16 15:59:26.890,143,134609.98
2025-11-16 15:59:26.890,144,52504.97
2025-11-16 15:59:26.890,145,52218.99
2025-11-16 15:59:26.890,146,52029.78
2025-11-16 15:59:26.890,147,52504.97
2025-11-16 15:59:26.890,148,51100.71
2025-11-16 15:59:26.890,149,51654.79
2025-11-16 15:59:26.890,150,51935.61
2025-11-16 15:59:26.890,151,51654.79
2025-11-16 15:59:26.890,152,52409.35
2025-11-16 15:59:26.890,153,51561.75
2025-11-16 15:59:26.890,154,51654.79
2025-11-16 15:59:26.890,155,51468.98
2025-11-16 15:59:26.890,156,52409.35
2025-11-16 15:59:26.890,157,51284.3
2025-11-16 15:59:26.890,158,53975.16
2025-11-16 15:59:26.890,159,51841.71
2025-11-16 15:59:26.890,160,40883.72
2025-11-16 15:59:26.890,161,51654.79
2025-11-16 15:59:26.890,162,53975.16
2025-11-16 15:59:26.890,163,48305.81
2025-11-16 15:59:26.890,164,56803.11
2025-11-16 15:59:26.890,165,59892.09
2025-11-16 15:59:26.890,166,49670.62
2025-11-16 15:59:26.890,167,57577.48
2025-11-16 15:59:26.890,168,52890.38
2025-11-16 15:59:26.890,169,54277.52
2025-11-16 15:59:26.890,170,55516.03
2025-11-16 15:59:26.890,171,54378.94
2025-11-16 15:59:26.890,172,54176.42
2025-11-16 15:59:26.890,173,52987.48
2025-11-16 15:59:26.890,174,54176.42
2025-11-16 15:59:26.890,175,56693.92
2025-11-16 15:59:26.890,176,93571.2
2025-11-16 15:59:26.890,177,53576.4
2025-11-16 15:59:26.890,178,55306.31
2025-11-16 15:59:26.890,179,56803.11
2025-11-16 15:59:26.890,180,54787.84
2025-11-16 15:59:26.890,181,55727.09
2025-11-16 15:59:26.890,182,61860.94
2025-11-16 15:59:26.890,183,68192.39
2025-11-16 15:59:26.890,184,182175.47
2025-11-16 15:59:26.890,185,128722.46
2025-11-16 15:59:26.890,186,54480.68
2025-11-16 15:59:26.890,187,54480.68
2025-11-16 15:59:26.890,188,68192.39
2025-11-16 15:59:26.890,189,146210.88
2025-11-16 15:59:26.890,190,96820.16
2025-11-16 15:59:26.890,191,96820.16
2025-11-16 15:59:26.890,192,28191.18
2025-11-16 15:59:26.890,193,27695.87
2025-11-16 15:59:26.890,194,27111.36
2025-11-16 15:59:26.890,195,27213.2
2025-11-16 15:59:26.890,196,26809.18
2025-11-16 15:59:26.890,197,27349.84
2025-11-16 15:59:26.890,198,27077.54
2025-11-16 15:59:26.890,199,27010.09
2025-11-16 15:59:26.890,200,27010.09
2025-11-16 15:59:26.890,201,27213.2
2025-11-16 15:59:26.890,202,27281.39
2025-11-16 15:59:26.890,203,27281.39
2025-11-16 15:59:26.890,204,27213.2
2025-11-16 15:59:26.890,205,27247.26
2025-11-16 15:59:26.890,206,28263.01
2025-11-16 15:59:26.890,207,26875.9
2025-11-16 15:59:26.890,208,22643.0
2025-11-16 15:59:26.890,209,27836.08
2025-11-16 15:59:26.890,210,27977.33
2025-11-16 15:59:26.890,211,22228.87
2025-11-16 15:59:26.890,212,30309.35
2025-11-16 15:59:26.890,213,31885.26
2025-11-16 15:59:26.890,214,23366.42
2025-11-16 15:59:26.890,215,30794.08
2025-11-16 15:59:26.890,216,27281.39
2025-11-16 15:59:26.890,217,29146.33
2025-11-16 15:59:26.890,218,30389.34
2025-11-16 15:59:26.890,219,29221.78
2025-11-16 15:59:26.890,220,28958.97
2025-11-16 15:59:26.890,221,28119.63
2025-11-16 15:59:26.890,222,29411.68
2025-11-16 15:59:26.890,223,30958.25
2025-11-16 15:59:26.890,224,56260.74
2025-11-16 15:59:26.890,225,29680.64
2025-11-16 15:59:26.890,226,30071.27
2025-11-16 15:59:26.890,227,31248.74
2025-11-16 15:59:26.890,228,30110.76
2025-11-16 15:59:26.890,229,30509.92
2025-11-16 15:59:26.890,230,34396.74
2025-11-16 15:59:26.890,231,38578.92
2025-11-16 15:59:26.890,232,109992.31
2025-11-16 15:59:26.890,233,74328.61
2025-11-16 15:59:26.890,234,29146.33
2025-11-16 15:59:26.890,235,29146.33
2025-11-16 15:59:26.890,236,43277.87
2025-11-16 15:59:26.890,237,107238.9
2025-11-16 15:59:26.890,238,63676.8
2025-11-16 15:59:26.890,239,63676.8
2025-11-16 15:59:26.890,240,20928.83
2025-11-16 15:59:26.890,241,20788.21
2025-11-16 15:59:26.890,242,20059.23
2025-11-16 15:59:26.890,243,20464.99
2025-11-16 15:59:26.890,244,19838.42
2025-11-16 15:59:26.890,245,20081.49
2025-11-16 15:59:26.890,246,20126.11
2025-11-16 15:59:26.890,247,20148.47
2025-11-16 15:59:26.890,248,19664.09
2025-11-16 15:59:26.890,249,19577.68
2025-11-16 15:59:26.890,250,19948.42
2025-11-16 15:59:26.890,251,19751.0
2025-11-16 15:59:26.890,252,19882.33
2025-11-16 15:59:26.890,253,19470.38
2025-11-16 15:59:26.890,254,21406.95
2025-11-16 15:59:26.890,255,19926.36
2025-11-16 15:59:26.890,256,21286.04
2025-11-16 15:59:26.890,257,21950.17
2025-11-16 15:59:26.890,258,21286.04
2025-11-16 15:59:26.890,259,21750.49
2025-11-16 15:59:26.890,260,22987.37
2025-11-16 15:59:26.890,261,24353.12
2025-11-16 15:59:26.890,262,20193.28
2025-11-16 15:59:26.890,263,23754.24
2025-11-16 15:59:26.890,264,21166.06
2025-11-16 15:59:26.890,265,22177.84
2025-11-16 15:59:26.890,266,24616.31
2025-11-16 15:59:26.890,267,22331.42
2025-11-16 15:59:26.890,268,22357.16
2025-11-16 15:59:26.890,269,22408.76
2025-11-16 15:59:26.890,270,22000.49
2025-11-16 15:59:26.890,271,23230.05
2025-11-16 15:59:26.890,272,44198.61
2025-11-16 15:59:26.890,273,22357.16
2025-11-16 15:59:26.890,274,22408.76
2025-11-16 15:59:26.890,275,23642.52
2025-11-16 15:59:26.890,276,22880.64
2025-11-16 15:59:26.890,277,22933.92
2025-11-16 15:59:26.890,278,26026.81
2025-11-16 15:59:26.890,279,30550.28
2025-11-16 15:59:26.890,280,88336.55
2025-11-16 15:59:26.890,281,58484.71
2025-11-16 15:59:26.890,282,22076.26
2025-11-16 15:59:26.890,283,22076.26
2025-11-16 15:59:26.890,284,34060.55
2025-11-16 15:59:26.890,285,96820.16
2025-11-16 15:59:26.890,286,51100.71
2025-11-16 15:59:26.890,287,51100.71
2025-11-16 15:59:26.890,288,15603.64
2025-11-16 15:59:26.890,289,15766.28
2025-11-16 15:59:26.890,290,14865.85
2025-11-16 15:59:26.890,291,15237.23
2025-11-16 15:59:26.890,292,14805.01
2025-11-16 15:59:26.890,293,14865.85
2025-11-16 15:59:26.890,294,14639.21
2025-11-16 15:59:26.890,295,14744.46
2025-11-16 15:59:26.890,296,14699.24
2025-11-16 15:59:26.890,297,14684.21
2025-11-16 15:59:26.890,298,14774.7
2025-11-16 15:59:26.890,299,14744.46
2025-11-16 15:59:26.890,300,14926.99
2025-11-16 15:59:26.890,301,14759.57
2025-11-16 15:59:26.890,302,16249.76
2025-11-16 15:59:26.890,303,15003.83
2025-11-16 15:59:26.890,304,17364.93
2025-11-16 15:59:26.890,305,17036.8
2025-11-16 15:59:26.890,306,17054.83
2025-11-16 15:59:26.890,307,18781.14
2025-11-16 15:59:26.890,308,17606.89
2025-11-16 15:59:26.890,309,19194.97
2025-11-16 15:59:26.890,310,15815.47
2025-11-16 15:59:26.890,311,18064.95
2025-11-16 15:59:26.890,312,16064.26
2025-11-16 15:59:26.890,313,16947.04
2025-11-16 15:59:26.890,314,19385.09
2025-11-16 15:59:26.890,315,17090.95
2025-11-16 15:59:26.890,316,17163.47
2025-11-16 15:59:26.890,317,17531.99
2025-11-16 15:59:26.890,318,17163.47
2025-11-16 15:59:26.890,319,17757.91
2025-11-16 15:59:26.890,320,36001.13
2025-11-16 15:59:26.890,321,17236.39
2025-11-16 15:59:26.890,322,17309.7
2025-11-16 15:59:26.890,323,18142.77
2025-11-16 15:59:26.890,324,17531.99
2025-11-16 15:59:26.890,325,17757.91
2025-11-16 15:59:26.890,326,20238.23
2025-11-16 15:59:26.890,327,23923.21
2025-11-16 15:59:26.890,328,77209.76
2025-11-16 15:59:26.890,329,46138.74
2025-11-16 15:59:26.890,330,16751.64
2025-11-16 15:59:26.890,331,16751.64
2025-11-16 15:59:26.890,332,28958.97
2025-11-16 15:59:26.890,333,79699.56
2025-11-16 15:59:26.890,334,43840.75
2025-11-16 15:59:26.890,335,43840.75
2025-11-16 15:59:26.890,336,14534.84
2025-11-16 15:59:26.890,337,14654.19
2025-11-16 15:59:26.890,338,13730.56
2025-11-16 15:59:26.890,339,14126.04
2025-11-16 15:59:26.890,340,13510.31
2025-11-16 15:59:26.890,341,13688.95
2025-11-16 15:59:26.890,342,13702.81
2025-11-16 15:59:26.890,343,13633.7
2025-11-16 15:59:26.890,344,13619.93
2025-11-16 15:59:26.890,345,13661.29
2025-11-16 15:59:26.890,346,13675.12
2025-11-16 15:59:26.890,347,13619.93
2025-11-16 15:59:26.890,348,13675.12
2025-11-16 15:59:26.890,349,13675.12
2025-11-16 15:59:26.890,350,15112.21
2025-11-16 15:59:26.890,351,13688.95
2025-11-16 15:59:26.890,352,16131.41
2025-11-16 15:59:26.890,353,15815.47
2025-11-16 15:59:26.890,354,15799.05
2025-11-16 15:59:26.890,355,17531.99
2025-11-16 15:59:26.890,356,16593.85
2025-11-16 15:59:26.890,357,17606.89
2025-11-16 15:59:26.890,358,14714.3
2025-11-16 15:59:26.890,359,17072.88
2025-11-16 15:59:26.890,360,14865.85
2025-11-16 15:59:26.890,361,15881.35
2025-11-16 15:59:26.890,362,18026.2
2025-11-16 15:59:26.890,363,15539.16
2025-11-16 15:59:26.890,364,16014.12
2025-11-16 15:59:26.890,365,16148.25
2025-11-16 15:59:26.890,366,15815.47
2025-11-16 15:59:26.890,367,16663.75
2025-11-16 15:59:26.890,368,34252.03
2025-11-16 15:59:26.890,369,15947.57
2025-11-16 15:59:26.890,370,15848.37
2025-11-16 15:59:26.890,371,16786.96
2025-11-16 15:59:26.890,372,16317.87
2025-11-16 15:59:26.890,373,16420.69
2025-11-16 15:59:26.890,374,18781.14
2025-11-16 15:59:26.890,375,22460.52
2025-11-16 15:59:26.890,376,74678.3
2025-11-16 15:59:26.890,377,42726.61
2025-11-16 15:59:26.890,378,15523.09
2025-11-16 15:59:26.890,379,15523.09
2025-11-16 15:59:26.890,380,27591.39
2025-11-16 15:59:26.890,381,76838.91
2025-11-16 15:59:26.890,382,42658.5
2025-11-16 15:59:26.890,383,42658.5
2025-11-16 15:59:26.890,384,14241.45
2025-11-16 15:59:26.890,385,14328.73
2025-11-16 15:59:26.890,386,13320.91
2025-11-16 15:59:26.890,387,13730.56
2025-11-16 15:59:26.890,388,13214.03
2025-11-16 15:59:26.890,389,13200.74
2025-11-16 15:59:26.890,390,13240.66
2025-11-16 15:59:26.890,391,13267.35
2025-11-16 15:59:26.890,392,13227.34
2025-11-16 15:59:26.890,393,13187.46
2025-11-16 15:59:26.890,394,13294.1
2025-11-16 15:59:26.890,395,13254.0
2025-11-16 15:59:26.890,396,13294.1
2025-11-16 15:59:26.890,397,13227.34
2025-11-16 15:59:26.890,398,14774.7
2025-11-16 15:59:26.890,399,13374.71
2025-11-16 15:59:26.890,400,15749.92
2025-11-16 15:59:26.890,401,15427.09
2025-11-16 15:59:26.890,402,15363.49
2025-11-16 15:59:26.890,403,17145.3
2025-11-16 15:59:26.890,404,15881.35
2025-11-16 15:59:26.890,405,17309.7
2025-11-16 15:59:26.890,406,14299.57
2025-11-16 15:59:26.890,407,16628.76
2025-11-16 15:59:26.890,408,14654.19
2025-11-16 15:59:26.890,409,15491.01
2025-11-16 15:59:26.890,410,17738.95
2025-11-16 15:59:26.890,411,15555.25
2025-11-16 15:59:26.890,412,15539.16
2025-11-16 15:59:26.890,413,15848.37
2025-11-16 15:59:26.890,414,15411.16
2025-11-16 15:59:26.890,415,16014.12
2025-11-16 15:59:26.890,416,33127.38
2025-11-16 15:59:26.890,417,15523.09
2025-11-16 15:59:26.890,418,15587.49
2025-11-16 15:59:26.890,419,16198.91
2025-11-16 15:59:26.890,420,15684.7
2025-11-16 15:59:26.890,421,15914.42
2025-11-16 15:59:26.890,422,18339.21
2025-11-16 15:59:26.890,423,21975.31
2025-11-16 15:59:26.890,424,72622.48
2025-11-16 15:59:26.890,425,41788.82
2025-11-16 15:59:26.890,426,15065.65
2025-11-16 15:59:26.890,427,15065.65
2025-11-16 15:59:26.890,428,26511.85
2025-11-16 15:59:26.890,429,75745.02
2025-11-16 15:59:26.890,430,41397.01
2025-11-16 15:59:26.890,431,41397.01
2025-11-16 15:59:26.890,432,14068.74
2025-11-16 15:59:26.890,433,14068.74
2025-11-16 15:59:26.890,434,13160.96
2025-11-16 15:59:26.890,435,13428.77
2025-11-16 15:59:26.890,436,13016.24
2025-11-16 15:59:26.890,437,13081.8
2025-11-16 15:59:26.890,438,12951.06
2025-11-16 15:59:26.890,439,13042.42
2025-11-16 15:59:26.890,440,12990.12
2025-11-16 15:59:26.890,441,12990.12
2025-11-16 15:59:26.890,442,13055.53
2025-11-16 15:59:26.890,443,12977.09
2025-11-16 15:59:26.890,444,13081.8
2025-11-16 15:59:26.890,445,13003.18
2025-11-16 15:59:26.890,446,14387.27
2025-11-16 15:59:26.890,447,13003.18
2025-11-16 15:59:26.890,448,15347.64
2025-11-16 15:59:26.890,449,15112.21
2025-11-16 15:59:26.890,450,15050.17
2025-11-16 15:59:26.890,451,16875.66
2025-11-16 15:59:26.890,452,15881.35
2025-11-16 15:59:26.890,453,16982.88
2025-11-16 15:59:26.890,454,14068.74
2025-11-16 15:59:26.890,455,16182.0
2025-11-16 15:59:26.890,456,14212.49
2025-11-16 15:59:26.890,457,15174.57
2025-11-16 15:59:26.890,458,17457.49
2025-11-16 15:59:26.890,459,15174.57
2025-11-16 15:59:26.890,460,15112.21
2025-11-16 15:59:26.890,461,15619.82
2025-11-16 15:59:26.890,462,15081.15
2025-11-16 15:59:26.890,463,15782.65
2025-11-16 15:59:26.890,464,32900.21
2025-11-16 15:59:26.890,465,15174.57
2025-11-16 15:59:26.890,466,15300.2
2025-11-16 15:59:26.890,467,16047.52
2025-11-16 15:59:26.890,468,15652.22
2025-11-16 15:59:26.890,469,15749.92
2025-11-16 15:59:26.890,470,17872.27
2025-11-16 15:59:26.890,471,21651.57
2025-11-16 15:59:26.890,472,72123.99
2025-11-16 15:59:26.890,473,39583.74
2025-11-16 15:59:26.890,474,14774.7
2025-11-16 15:59:26.890,475,14774.7
2025-11-16 15:59:26.890,476,26154.89
2025-11-16 15:59:26.890,477,74678.3
2025-11-16 15:59:26.890,478,41075.0
2025-11-16 15:59:26.890,479,41075.0
2025-11-16 15:59:26.890,480,13926.67
2025-11-16 15:59:26.890,481,13983.3
2025-11-16 15:59:26.890,482,13042.42
2025-11-16 15:59:26.890,483,13401.71
2025-11-16 15:59:26.890,484,12951.06
2025-11-16 15:59:26.890,485,12990.12
2025-11-16 15:59:26.890,486,12899.17
2025-11-16 15:59:26.890,487,13055.53
2025-11-16 15:59:26.890,488,13003.18
2025-11-16 15:59:26.890,489,12899.17
2025-11-16 15:59:26.890,490,13003.18
2025-11-16 15:59:26.890,491,12977.09
2025-11-16 15:59:26.890,492,13108.13
2025-11-16 15:59:26.890,493,13029.33
2025-11-16 15:59:26.890,494,14564.57
2025-11-16 15:59:26.890,495,13134.51
2025-11-16 15:59:26.890,496,15491.01
2025-11-16 15:59:26.890,497,15112.21
2025-11-16 15:59:26.890,498,15158.95
2025-11-16 15:59:26.890,499,16875.66
2025-11-16 15:59:26.890,500,15881.35
2025-11-16 15:59:26.890,501,17018.8
2025-11-16 15:59:26.890,502,14040.19
2025-11-16 15:59:26.890,503,16369.18
2025-11-16 15:59:26.890,504,14314.14
2025-11-16 15:59:26.890,505,15112.21
2025-11-16 15:59:26.890,506,17420.39
2025-11-16 15:59:26.890,507,15237.23
2025-11-16 15:59:26.890,508,15331.81
2025-11-16 15:59:26.890,509,15587.49
2025-11-16 15:59:26.890,510,15268.68
2025-11-16 15:59:26.890,511,15555.25
2025-11-16 15:59:26.890,512,33127.38
2025-11-16 15:59:26.890,513,15331.81
2025-11-16 15:59:26.890,514,15395.25
2025-11-16 15:59:26.890,515,16047.52
2025-11-16 15:59:26.890,516,15652.22
2025-11-16 15:59:26.890,517,15782.65
2025-11-16 15:59:26.890,518,18181.84
2025-11-16 15:59:26.890,519,21602.34
2025-11-16 15:59:26.890,520,76838.91
2025-11-16 15:59:26.890,521,40256.3
2025-11-16 15:59:26.890,522,15081.15
2025-11-16 15:59:26.890,523,15081.15
2025-11-16 15:59:26.890,524,26742.69
2025-11-16 15:59:26.890,525,76471.19
2025-11-16 15:59:26.890,526,42658.5
2025-11-16 15:59:26.890,527,42658.5
2025-11-16 15:59:26.890,528,14097.35
2025-11-16 15:59:26.890,529,14097.35
2025-11-16 15:59:26.890,530,13214.03
2025-11-16 15:59:26.890,531,13619.93
2025-11-16 15:59:26.890,532,13042.42
2025-11-16 15:59:26.890,533,13108.13
2025-11-16 15:59:26.890,534,13094.96
2025-11-16 15:59:26.890,535,13108.13
2025-11-16 15:59:26.890,536,13029.33
2025-11-16 15:59:26.890,537,13003.18
2025-11-16 15:59:26.890,538,13029.33
2025-11-16 15:59:26.890,539,13003.18
2025-11-16 15:59:26.890,540,13214.03
2025-11-16 15:59:26.890,541,13003.18
2025-11-16 15:59:26.890,542,14594.37
2025-11-16 15:59:26.890,543,13187.46
2025-11-16 15:59:26.890,544,15427.09
2025-11-16 15:59:26.890,545,15174.57
2025-11-16 15:59:26.890,546,15190.2
2025-11-16 15:59:26.890,547,16947.04
2025-11-16 15:59:26.890,548,15914.42
2025-11-16 15:59:26.890,549,17145.3
2025-11-16 15:59:26.890,550,14040.19
2025-11-16 15:59:26.890,551,16215.84
2025-11-16 15:59:26.890,552,14372.61
2025-11-16 15:59:26.890,553,15174.57
2025-11-16 15:59:26.890,554,17328.08
2025-11-16 15:59:26.890,555,15237.23
2025-11-16 15:59:26.890,556,15190.2
2025-11-16 15:59:26.890,557,15523.09
2025-11-16 15:59:26.890,558,15127.77
2025-11-16 15:59:26.890,559,15684.7
2025-11-16 15:59:26.890,560,32810.01
2025-11-16 15:59:26.890,561,15112.21
2025-11-16 15:59:26.890,562,15300.2
2025-11-16 15:59:26.890,563,15881.35
2025-11-16 15:59:26.890,564,15523.09
2025-11-16 15:59:26.890,565,15619.82
2025-11-16 15:59:26.890,566,17949.02
2025-11-16 15:59:26.890,567,21479.94
2025-11-16 15:59:26.890,568,79699.56
2025-11-16 15:59:26.890,569,40318.35
2025-11-16 15:59:26.890,570,14835.39
2025-11-16 15:59:26.890,571,14835.39
2025-11-16 15:59:26.890,572,26058.75
2025-11-16 15:59:26.890,573,74854.26
2025-11-16 15:59:26.890,574,41267.73
2025-11-16 15:59:26.890,575,41267.73
2025-11-16 15:59:26.890,576,13954.95
2025-11-16 15:59:26.890,577,14040.19
2025-11-16 15:59:26.890,578,13081.8
2025-11-16 15:59:26.890,579,13483.07
2025-11-16 15:59:26.890,580,12899.17
2025-11-16 15:59:26.890,581,13094.96
2025-11-16 15:59:26.890,582,12977.09
2025-11-16 15:59:26.890,583,13055.53
2025-11-16 15:59:26.890,584,13042.42
2025-11-16 15:59:26.890,585,12977.09
2025-11-16 15:59:26.890,586,12951.06
2025-11-16 15:59:26.890,587,12951.06
2025-11-16 15:59:26.890,588,13042.42
2025-11-16 15:59:26.890,589,12977.09
2025-11-16 15:59:26.890,590,14416.64
2025-11-16 15:59:26.890,591,13200.74
2025-11-16 15:59:26.890,592,15237.23
2025-11-16 15:59:26.890,593,15081.15
2025-11-16 15:59:26.890,594,14957.67
2025-11-16 15:59:26.890,595,16875.66
2025-11-16 15:59:26.890,596,15717.27
2025-11-16 15:59:26.890,597,16947.04
2025-11-16 15:59:26.890,598,13647.49
2025-11-16 15:59:26.890,599,16030.81
2025-11-16 15:59:26.890,600,14212.49
2025-11-16 15:59:26.890,601,15081.15
2025-11-16 15:59:26.890,602,17236.39
2025-11-16 15:59:26.890,603,15112.21
2025-11-16 15:59:26.890,604,15158.95
2025-11-16 15:59:26.890,605,15539.16
2025-11-16 15:59:26.890,606,14926.99
2025-11-16 15:59:26.890,607,15347.64
2025-11-16 15:59:26.890,608,32586.16
2025-11-16 15:59:26.890,609,15050.17
2025-11-16 15:59:26.890,610,15300.2
2025-11-16 15:59:26.890,611,15881.35
2025-11-16 15:59:26.890,612,15395.25
2025-11-16 15:59:26.890,613,15587.49
2025-11-16 15:59:26.890,614,17929.79
2025-11-16 15:59:26.890,615,21406.95
2025-11-16 15:59:26.890,616,79112.48
2025-11-16 15:59:26.890,617,40630.89
2025-11-16 15:59:26.890,618,14835.39
2025-11-16 15:59:26.890,619,14835.39
2025-11-16 15:59:26.890,620,25899.63
2025-11-16 15:59:26.890,621,76106.58
2025-11-16 15:59:26.890,622,40820.27
2025-11-16 15:59:26.890,623,40820.27
2025-11-16 15:59:26.890,624,13983.3
2025-11-16 15:59:26.890,625,13926.67
2025-11-16 15:59:26.890,626,13174.2
2025-11-16 15:59:26.890,627,13428.77
2025-11-16 15:59:26.890,628,13003.18
2025-11-16 15:59:26.890,629,13187.46
2025-11-16 15:59:26.890,630,13029.33
2025-11-16 15:59:26.890,631,13081.8
2025-11-16 15:59:26.890,632,13108.13
2025-11-16 15:59:26.890,633,13055.53
2025-11-16 15:59:26.890,634,13108.13
2025-11-16 15:59:26.890,635,13081.8
2025-11-16 15:59:26.890,636,13254.0
2025-11-16 15:59:26.890,637,13081.8
2025-11-16 15:59:26.890,638,14609.3
2025-11-16 15:59:26.890,639,13294.1
2025-11-16 15:59:26.890,640,15555.25
2025-11-16 15:59:26.890,641,15143.35
2025-11-16 15:59:26.890,642,15174.57
2025-11-16 15:59:26.890,643,17000.83
2025-11-16 15:59:26.890,644,16030.81
2025-11-16 15:59:26.890,645,17181.67
2025-11-16 15:59:26.890,646,14140.4
2025-11-16 15:59:26.890,647,16249.76
2025-11-16 15:59:26.890,648,14534.84
2025-11-16 15:59:26.890,649,15347.64
2025-11-16 15:59:26.890,650,17457.49
2025-11-16 15:59:26.890,651,15331.81
2025-11-16 15:59:26.890,652,15300.2
2025-11-16 15:59:26.890,653,15619.82
2025-11-16 15:59:26.890,654,15268.68
2025-11-16 15:59:26.890,655,15815.47
2025-11-16 15:59:26.890,656,32945.45
2025-11-16 15:59:26.890,657,15331.81
2025-11-16 15:59:26.890,658,15347.64
2025-11-16 15:59:26.890,659,16081.01
2025-11-16 15:59:26.890,660,15668.45
2025-11-16 15:59:26.890,661,15881.35
2025-11-16 15:59:26.890,662,18398.68
2025-11-16 15:59:26.890,663,21725.7
2025-11-16 15:59:26.890,664,78918.48
2025-11-16 15:59:26.890,665,41267.73
2025-11-16 15:59:26.890,666,15050.17
2025-11-16 15:59:26.890,667,15050.17
2025-11-16 15:59:26.890,668,26676.44
2025-11-16 15:59:26.890,669,74328.61
2025-11-16 15:59:26.890,670,42863.36
2025-11-16 15:59:26.890,671,42863.36
2025-11-16 15:59:26.890,672,13983.3
2025-11-16 15:59:26.890,673,14126.04
2025-11-16 15:59:26.890,674,13240.66
2025-11-16 15:59:26.890,675,13442.32
2025-11-16 15:59:26.890,676,13187.46
2025-11-16 15:59:26.890,677,13267.35
2025-11-16 15:59:26.890,678,13187.46
2025-11-16 15:59:26.890,679,13254.0
2025-11-16 15:59:26.890,680,13227.34
2025-11-16 15:59:26.890,681,13187.46
2025-11-16 15:59:26.890,682,13240.66
2025-11-16 15:59:26.890,683,13200.74
2025-11-16 15:59:26.890,684,13320.91
2025-11-16 15:59:26.890,685,13174.2
2025-11-16 15:59:26.890,686,14684.21
2025-11-16 15:59:26.890,687,13334.34
2025-11-16 15:59:26.890,688,15491.01
2025-11-16 15:59:26.890,689,15174.57
2025-11-16 15:59:26.890,690,15174.57
2025-11-16 15:59:26.890,691,16982.88
2025-11-16 15:59:26.890,692,16064.26
2025-11-16 15:59:26.890,693,17163.47
2025-11-16 15:59:26.890,694,14140.4
2025-11-16 15:59:26.890,695,16148.25
2025-11-16 15:59:26.890,696,14534.84
2025-11-16 15:59:26.890,697,15395.25
2025-11-16 15:59:26.890,698,17476.08
2025-11-16 15:59:26.890,699,15363.49
2025-11-16 15:59:26.890,700,15395.25
2025-11-16 15:59:26.890,701,15684.7
2025-11-16 15:59:26.890,702,15268.68
2025-11-16 15:59:26.890,703,15930.98
2025-11-16 15:59:26.890,704,32855.06
2025-11-16 15:59:26.890,705,15331.81
2025-11-16 15:59:26.890,706,15411.16
2025-11-16 15:59:26.890,707,16148.25
2025-11-16 15:59:26.890,708,15652.22
2025-11-16 15:59:26.890,709,15799.05
2025-11-16 15:59:26.890,710,18123.28
2025-11-16 15:59:26.890,711,21504.34
2025-11-16 15:59:26.890,712,82335.49
2025-11-16 15:59:26.890,713,42590.57
2025-11-16 15:59:26.890,714,14988.43
2025-11-16 15:59:26.890,715,14988.43
2025-11-16 15:59:26.890,716,26577.51
2025-11-16 15:59:26.890,717,79896.98
2025-11-16 15:59:26.890,718,41657.55
2025-11-16 15:59:26.890,719,41657.55
2025-11-16 15:59:26.890,720,13828.22
2025-11-16 15:59:26.890,721,14054.46
2025-11-16 15:59:26.890,722,13254.0
2025-11-16 15:59:26.890,723,13647.49
2025-11-16 15:59:26.890,724,13108.13
2025-11-16 15:59:26.890,725,13240.66
2025-11-16 15:59:26.890,726,13187.46
2025-11-16 15:59:26.890,727,13227.34
2025-11-16 15:59:26.890,728,13240.66
2025-11-16 15:59:26.890,729,13200.74
2025-11-16 15:59:26.890,730,13240.66
2025-11-16 15:59:26.890,731,13294.1
2025-11-16 15:59:26.890,732,13267.35
2025-11-16 15:59:26.890,733,13200.74
2025-11-16 15:59:26.890,734,14684.21
2025-11-16 15:59:26.890,735,13428.77
2025-11-16 15:59:26.890,736,15684.7
2025-11-16 15:59:26.890,737,15300.2
2025-11-16 15:59:26.890,738,15268.68
2025-11-16 15:59:26.890,739,16982.88
2025-11-16 15:59:26.890,740,16047.52
2025-11-16 15:59:26.890,741,17163.47
2025-11-16 15:59:26.890,742,14154.79
2025-11-16 15:59:26.890,743,16114.59
2025-11-16 15:59:26.890,744,14549.7
2025-11-16 15:59:26.890,745,15331.81
2025-11-16 15:59:26.890,746,17364.93
2025-11-16 15:59:26.890,747,15174.57
2025-11-16 15:59:26.890,748,15395.25
2025-11-16 15:59:26.890,749,15782.65
2025-11-16 15:59:26.890,750,15158.95
2025-11-16 15:59:26.890,751,15914.42
2025-11-16 15:59:26.890,752,32586.16
2025-11-16 15:59:26.890,753,15395.25
2025-11-16 15:59:26.890,754,15523.09
2025-11-16 15:59:26.890,755,16198.91
2025-11-16 15:59:26.890,756,15619.82
2025-11-16 15:59:26.890,757,15684.7
2025-11-16 15:59:26.890,758,17910.59
2025-11-16 15:59:26.890,759,21651.57
2025-11-16 15:59:26.890,760,84909.8
2025-11-16 15:59:26.890,761,46371.55
2025-11-16 15:59:26.890,762,15050.17
2025-11-16 15:59:26.890,763,15050.17
2025-11-16 15:59:26.890,764,26742.69
2025-11-16 15:59:26.890,765,76654.66
2025-11-16 15:59:26.890,766,41267.73
2025-11-16 15:59:26.890,767,41267.73
2025-11-16 15:59:26.890,768,14387.27
2025-11-16 15:59:26.890,769,14387.27
2025-11-16 15:59:26.890,770,13483.07
2025-11-16 15:59:26.890,771,13814.22
2025-11-16 15:59:26.890,772,13374.71
2025-11-16 15:59:26.890,773,13428.77
2025-11-16 15:59:26.890,774,13307.49
2025-11-16 15:59:26.890,775,13401.71
2025-11-16 15:59:26.890,776,13483.07
2025-11-16 15:59:26.890,777,13428.77
2025-11-16 15:59:26.890,778,13483.07
2025-11-16 15:59:26.890,779,13320.91
2025-11-16 15:59:26.890,780,13578.7
2025-11-16 15:59:26.890,781,13415.23
2025-11-16 15:59:26.890,782,15019.26
2025-11-16 15:59:26.890,783,13619.93
2025-11-16 15:59:26.890,784,15848.37
2025-11-16 15:59:26.890,785,15619.82
2025-11-16 15:59:26.890,786,15587.49
2025-11-16 15:59:26.890,787,17309.7
2025-11-16 15:59:26.890,788,16593.85
2025-11-16 15:59:26.890,789,17550.68
2025-11-16 15:59:26.890,790,14534.84
2025-11-16 15:59:26.890,791,16769.29
2025-11-16 15:59:26.890,792,14835.39
2025-11-16 15:59:26.890,793,15684.7
2025-11-16 15:59:26.890,794,17891.41
2025-11-16 15:59:26.890,795,15684.7
2025-11-16 15:59:26.890,796,15766.28
2025-11-16 15:59:26.890,797,16081.01
2025-11-16 15:59:26.890,798,15619.82
2025-11-16 15:59:26.890,799,16386.33
2025-11-16 15:59:26.890,800,33542.38
2025-11-16 15:59:26.890,801,15733.59
2025-11-16 15:59:26.890,802,15782.65
2025-11-16 15:59:26.890,803,16455.14
2025-11-16 15:59:26.890,804,15914.42
2025-11-16 15:59:26.890,805,16182.0
2025-11-16 15:59:26.890,806,18378.83
2025-11-16 15:59:26.890,807,22000.49
2025-11-16 15:59:26.890,808,82754.82
2025-11-16 15:59:26.890,809,49670.62
2025-11-16 15:59:26.890,810,15395.25
2025-11-16 15:59:26.890,811,15395.25
2025-11-16 15:59:26.890,812,27977.33
2025-11-16 15:59:26.890,813,74678.3
2025-11-16 15:59:26.890,814,43417.48
2025-11-16 15:59:26.890,815,43417.48
2025-11-16 15:59:26.890,816,14387.27
2025-11-16 15:59:26.890,817,14534.84
2025-11-16 15:59:26.890,818,13401.71
2025-11-16 15:59:26.890,819,13814.22
2025-11-16 15:59:26.890,820,13401.71
2025-11-16 15:59:26.890,821,13455.89
2025-11-16 15:59:26.890,822,13592.43
2025-11-16 15:59:26.890,823,13510.31
2025-11-16 15:59:26.890,824,13294.1
2025-11-16 15:59:26.890,825,13483.07
2025-11-16 15:59:26.890,826,13455.89
2025-11-16 15:59:26.890,827,13469.47
2025-11-16 15:59:26.890,828,13619.93
2025-11-16 15:59:26.890,829,13455.89
2025-11-16 15:59:26.890,830,15112.21
2025-11-16 15:59:26.890,831,13510.31
2025-11-16 15:59:26.890,832,15881.35
2025-11-16 15:59:26.890,833,15619.82
2025-11-16 15:59:26.890,834,15815.47
2025-11-16 15:59:26.890,835,17420.39
2025-11-16 15:59:26.890,836,16182.0
2025-11-16 15:59:26.890,837,17309.7
2025-11-16 15:59:26.890,838,14299.57
2025-11-16 15:59:26.890,839,16403.5
2025-11-16 15:59:26.890,840,14805.01
2025-11-16 15:59:26.890,841,15619.82
2025-11-16 15:59:26.890,842,17720.0
2025-11-16 15:59:26.890,843,15652.22
2025-11-16 15:59:26.890,844,15766.28
2025-11-16 15:59:26.890,845,16097.79
2025-11-16 15:59:26.890,846,15491.01
2025-11-16 15:59:26.890,847,16215.84
2025-11-16 15:59:26.890,848,33635.68
2025-11-16 15:59:26.890,849,15782.65
2025-11-16 15:59:26.890,850,15652.22
2025-11-16 15:59:26.890,851,16472.4
2025-11-16 15:59:26.890,852,15782.65
2025-11-16 15:59:26.890,853,16114.59
2025-11-16 15:59:26.890,854,18438.46
2025-11-16 15:59:26.890,855,22305.72
2025-11-16 15:59:26.890,856,83604.98
2025-11-16 15:59:26.890,857,50021.84
2025-11-16 15:59:26.890,858,15237.23
2025-11-16 15:59:26.890,859,15237.23
2025-11-16 15:59:26.890,860,27384.16
2025-11-16 15:59:26.890,861,72789.98
2025-11-16 15:59:26.890,862,42590.57
2025-11-16 15:59:26.890,863,42590.57
2025-11-16 15:59:26.890,864,14416.64
2025-11-16 15:59:26.890,865,14564.57
2025-11-16 15:59:26.890,866,13702.81
2025-11-16 15:59:26.890,867,13870.31
2025-11-16 15:59:26.890,868,13374.71
2025-11-16 15:59:26.890,869,13510.31
2025-11-16 15:59:26.890,870,13401.71
2025-11-16 15:59:26.890,871,13496.68
2025-11-16 15:59:26.890,872,13483.07
2025-11-16 15:59:26.890,873,13428.77
2025-11-16 15:59:26.890,874,13496.68
2025-11-16 15:59:26.890,875,13428.77
2025-11-16 15:59:26.890,876,13592.43
2025-11-16 15:59:26.890,877,13510.31
2025-11-16 15:59:26.890,878,15050.17
2025-11-16 15:59:26.890,879,13592.43
2025-11-16 15:59:26.890,880,15997.45
2025-11-16 15:59:26.890,881,15587.49
2025-11-16 15:59:26.890,882,15587.49
2025-11-16 15:59:26.890,883,17494.69
2025-11-16 15:59:26.890,884,15947.57
2025-11-16 15:59:26.890,885,17494.69
2025-11-16 15:59:26.890,886,14549.7
2025-11-16 15:59:26.890,887,16734.02
2025-11-16 15:59:26.890,888,14865.85
2025-11-16 15:59:26.890,889,15523.09
2025-11-16 15:59:26.890,890,17606.89
2025-11-16 15:59:26.890,891,15523.09
2025-11-16 15:59:26.890,892,15749.92
2025-11-16 15:59:26.890,893,15947.57
2025-11-16 15:59:26.890,894,15603.64
2025-11-16 15:59:26.890,895,16148.25
2025-11-16 15:59:26.890,896,33127.38
2025-11-16 15:59:26.890,897,15587.49
2025-11-16 15:59:26.890,898,15652.22
2025-11-16 15:59:26.890,899,16403.5
2025-11-16 15:59:26.890,900,15881.35
2025-11-16 15:59:26.890,901,16081.01
2025-11-16 15:59:26.890,902,18359.01
2025-11-16 15:59:26.890,903,22050.96
2025-11-16 15:59:26.890,904,82335.49
2025-11-16 15:59:26.890,905,48389.29
2025-11-16 15:59:26.890,906,15174.57
2025-11-16 15:59:26.890,907,15174.57
2025-11-16 15:59:26.890,908,27077.54
2025-11-16 15:59:26.890,909,73637.78
2025-11-16 15:59:26.890,910,41397.01
2025-11-16 15:59:26.890,911,41397.01
2025-11-16 15:59:26.890,912,15127.77
2025-11-16 15:59:26.890,913,15268.68
2025-11-16 15:59:26.890,914,14126.04
2025-11-16 15:59:26.890,915,14594.37
2025-11-16 15:59:26.890,916,14183.61
2025-11-16 15:59:26.890,917,14270.47
2025-11-16 15:59:26.890,918,14198.04
2025-11-16 15:59:26.890,919,14212.49
2025-11-16 15:59:26.890,920,14212.49
2025-11-16 15:59:26.890,921,14169.19
2025-11-16 15:59:26.890,922,14328.73
2025-11-16 15:59:26.890,923,14285.01
2025-11-16 15:59:26.890,924,14343.34
2025-11-16 15:59:26.890,925,14068.74
2025-11-16 15:59:26.890,926,15799.05
2025-11-16 15:59:26.890,927,14505.19
2025-11-16 15:59:26.890,928,16947.04
2025-11-16 15:59:26.890,929,16403.5
2025-11-16 15:59:26.890,930,16403.5
2025-11-16 15:59:26.890,931,18181.84
2025-11-16 15:59:26.890,932,16911.3
2025-11-16 15:59:26.890,933,18339.21
2025-11-16 15:59:26.890,934,15331.81
2025-11-16 15:59:26.890,935,17346.5
2025-11-16 15:59:26.890,936,15652.22
2025-11-16 15:59:26.890,937,16420.69
2025-11-16 15:59:26.890,938,18598.7
2025-11-16 15:59:26.890,939,16420.69
2025-11-16 15:59:26.890,940,16663.75
2025-11-16 15:59:26.890,941,16947.04
2025-11-16 15:59:26.890,942,16455.14
2025-11-16 15:59:26.890,943,17145.3
2025-11-16 15:59:26.890,944,34836.58
2025-11-16 15:59:26.890,945,16698.84
2025-11-16 15:59:26.890,946,16472.4
2025-11-16 15:59:26.890,947,17272.99
2025-11-16 15:59:26.890,948,16929.16
2025-11-16 15:59:26.890,949,17000.83
2025-11-16 15:59:26.890,950,19449.01
2025-11-16 15:59:26.890,951,23339.05
2025-11-16 15:59:26.890,952,85352.86
2025-11-16 15:59:26.890,953,48980.34
2025-11-16 15:59:26.890,954,16182.0
2025-11-16 15:59:26.890,955,16182.0
2025-11-16 15:59:26.890,956,28480.09
2025-11-16 15:59:26.890,957,75925.42
2025-11-16 15:59:26.890,958,43983.32
2025-11-16 15:59:26.890,959,43983.32
2025-11-16 15:59:26.890,960,27077.54
2025-11-16 15:59:26.890,961,27213.2
2025-11-16 15:59:26.890,962,26090.74
2025-11-16 15:59:26.890,963,26643.4
2025-11-16 15:59:26.890,964,25994.93
2025-11-16 15:59:26.890,965,26090.74
2025-11-16 15:59:26.890,966,26219.28
2025-11-16 15:59:26.890,967,26610.43
2025-11-16 15:59:26.890,968,26381.24
2025-11-16 15:59:26.890,969,26187.06
2025-11-16 15:59:26.890,970,26544.65
2025-11-16 15:59:26.890,971,26283.89
2025-11-16 15:59:26.890,972,26511.85
2025-11-16 15:59:26.890,973,26544.65
2025-11-16 15:59:26.890,974,27871.29
2025-11-16 15:59:26.890,975,26544.65
2025-11-16 15:59:26.890,976,28847.41
2025-11-16 15:59:26.890,977,28335.09
2025-11-16 15:59:26.890,978,27179.19
2025-11-16 15:59:26.890,979,30150.32
2025-11-16 15:59:26.890,980,27800.93
2025-11-16 15:59:26.890,981,28884.52
2025-11-16 15:59:26.890,982,27145.25
2025-11-16 15:59:26.890,983,28996.3
2025-11-16 15:59:26.890,984,25899.63
2025-11-16 15:59:26.890,985,27906.57
2025-11-16 15:59:26.890,986,28443.74
2025-11-16 15:59:26.890,987,24151.15
2025-11-16 15:59:26.890,988,28371.24
2025-11-16 15:59:26.890,989,28119.63
2025-11-16 15:59:26.890,990,28480.09
2025-11-16 15:59:26.890,991,30229.68
2025-11-16 15:59:26.890,992,54378.94
2025-11-16 15:59:26.890,993,27941.91
2025-11-16 15:59:26.890,994,28335.09
2025-11-16 15:59:26.890,995,27418.54
2025-11-16 15:59:26.890,996,28736.48
2025-11-16 15:59:26.890,997,28847.41
2025-11-16 15:59:26.890,998,32364.63
2025-11-16 15:59:26.890,999,37337.34
2025-11-16 15:59:26.890,1000,132097.22
2025-11-16 15:59:26.890,1001,76838.91
2025-11-16 15:59:26.890,1002,27179.19
2025-11-16 15:59:26.890,1003,27179.19
2025-11-16 15:59:26.890,1004,45151.65
2025-11-16 15:59:26.890,1005,113621.23
2025-11-16 15:59:26.890,1006,67894.05
2025-11-16 15:59:26.890,1007,67894.05
2025-11-16 15:59:26.890,1008,53182.58
2025-11-16 15:59:26.890,1009,52987.48
2025-11-16 15:59:26.890,1010,51841.71
2025-11-16 15:59:26.890,1011,51748.12
2025-11-16 15:59:26.890,1012,51100.71
2025-11-16 15:59:26.890,1013,51654.79
2025-11-16 15:59:26.890,1014,50021.84
2025-11-16 15:59:26.890,1015,49845.72
2025-11-16 15:59:26.890,1016,51654.79
2025-11-16 15:59:26.890,1017,50377.22
2025-11-16 15:59:26.890,1018,51192.37
2025-11-16 15:59:26.890,1019,51654.79
2025-11-16 15:59:26.890,1020,51192.37
2025-11-16 15:59:26.890,1021,51468.98
2025-11-16 15:59:26.890,1022,52987.48
2025-11-16 15:59:26.890,1023,51376.5
2025-11-16 15:59:26.890,1024,54582.74
2025-11-16 15:59:26.890,1025,54075.63
2025-11-16 15:59:26.890,1026,48725.57
2025-11-16 15:59:26.890,1027,54582.74
2025-11-16 15:59:26.890,1028,43911.94
2025-11-16 15:59:26.890,1029,47484.0
2025-11-16 15:59:26.890,1030,51654.79
2025-11-16 15:59:26.890,1031,45151.65
2025-11-16 15:59:26.890,1032,49496.55
2025-11-16 15:59:26.890,1033,53084.88
2025-11-16 15:59:26.890,1034,52890.38
2025-11-16 15:59:26.890,1035,50287.98
2025-11-16 15:59:26.890,1036,52987.48
2025-11-16 15:59:26.890,1037,53378.87
2025-11-16 15:59:26.890,1038,52987.48
2025-11-16 15:59:26.890,1039,56912.64
2025-11-16 15:59:26.890,1040,94632.04
2025-11-16 15:59:26.890,1041,52600.88
2025-11-16 15:59:26.890,1042,50199.01
2025-11-16 15:59:26.890,1043,50556.48
2025-11-16 15:59:26.890,1044,51748.12
2025-11-16 15:59:26.890,1045,50556.48
2025-11-16 15:59:26.890,1046,56803.11
2025-11-16 15:59:26.890,1047,58028.08
2025-11-16 15:59:26.890,1048,211280.41
2025-11-16 15:59:26.890,1049,145616.44
2025-11-16 15:59:26.890,1050,50556.48
2025-11-16 15:59:26.890,1051,50556.48
2025-11-16 15:59:26.890,1052,80095.27
2025-11-16 15:59:26.890,1053,187749.41
2025-11-16 15:59:26.890,1054,99101.66
2025-11-16 15:59:26.890,1055,99101.66
2025-11-16 15:59:26.890,1056,47484.0
2025-11-16 15:59:26.890,1057,47161.71
2025-11-16 15:59:26.890,1058,44928.77
2025-11-16 15:59:26.890,1059,46216.13
2025-11-16 15:59:26.890,1060,45002.86
2025-11-16 15:59:26.890,1061,45907.83
2025-11-16 15:59:26.890,1062,46449.59
2025-11-16 15:59:26.890,1063,45907.83
2025-11-16 15:59:26.890,1064,46371.55
2025-11-16 15:59:26.890,1065,45754.95
2025-11-16 15:59:26.890,1066,46527.84
2025-11-16 15:59:26.890,1067,46371.55
2025-11-16 15:59:26.890,1068,46606.3
2025-11-16 15:59:26.890,1069,47001.92
2025-11-16 15:59:26.890,1070,47484.0
2025-11-16 15:59:26.890,1071,46684.98
2025-11-16 15:59:26.890,1072,49670.62
2025-11-16 15:59:26.890,1073,48641.14
2025-11-16 15:59:26.890,1074,41920.75
2025-11-16 15:59:26.890,1075,50377.22
2025-11-16 15:59:26.890,1076,30958.25
2025-11-16 15:59:26.890,1077,31713.61
2025-11-16 15:59:26.890,1078,46216.13
2025-11-16 15:59:26.890,1079,42863.36
2025-11-16 15:59:26.890,1080,36001.13
2025-11-16 15:59:26.890,1081,45301.25
2025-11-16 15:59:26.890,1082,42387.82
2025-11-16 15:59:26.890,1083,41397.01
2025-11-16 15:59:26.890,1084,47001.92
2025-11-16 15:59:26.890,1085,46527.84
2025-11-16 15:59:26.890,1086,47241.95
2025-11-16 15:59:26.890,1087,52409.35
2025-11-16 15:59:26.890,1088,86251.47
2025-11-16 15:59:26.890,1089,46684.98
2025-11-16 15:59:26.890,1090,47161.71
2025-11-16 15:59:26.890,1091,46843.01
2025-11-16 15:59:26.890,1092,47484.0
2025-11-16 15:59:26.890,1093,47322.41
2025-11-16 15:59:26.890,1094,52987.48
2025-11-16 15:59:26.890,1095,57577.48
2025-11-16 15:59:26.890,1096,213700.14
2025-11-16 15:59:26.890,1097,132592.78
2025-11-16 15:59:26.890,1098,46527.84
2025-11-16 15:59:26.890,1099,46527.84
2025-11-16 15:59:26.890,1100,73296.59
2025-11-16 15:59:26.890,1101,162702.02
2025-11-16 15:59:26.890,1102,98811.18
2025-11-16 15:59:26.890,1103,98811.18
2025-11-16 15:59:26.890,1104,54277.52
2025-11-16 15:59:26.890,1105,53378.87
2025-11-16 15:59:26.890,1106,51935.61
2025-11-16 15:59:26.890,1107,51561.75
2025-11-16 15:59:26.890,1108,52029.78
2025-11-16 15:59:26.890,1109,52029.78
2025-11-16 15:59:26.890,1110,51841.71
2025-11-16 15:59:26.890,1111,52218.99
2025-11-16 15:59:26.890,1112,52029.78
2025-11-16 15:59:26.890,1113,51841.71
2025-11-16 15:59:26.890,1114,51748.12
2025-11-16 15:59:26.890,1115,52600.88
2025-11-16 15:59:26.890,1116,53576.4
2025-11-16 15:59:26.890,1117,53084.88
2025-11-16 15:59:26.890,1118,54787.84
2025-11-16 15:59:26.890,1119,53477.48
2025-11-16 15:59:26.890,1120,55833.13
2025-11-16 15:59:26.890,1121,54176.42
2025-11-16 15:59:26.890,1122,47484.0
2025-11-16 15:59:26.890,1123,54582.74
2025-11-16 15:59:26.890,1124,52029.78
2025-11-16 15:59:26.890,1125,52600.88
2025-11-16 15:59:26.890,1126,53576.4
2025-11-16 15:59:26.890,1127,51841.71
2025-11-16 15:59:26.890,1128,48725.57
2025-11-16 15:59:26.890,1129,53477.48
2025-11-16 15:59:26.890,1130,48641.14
2025-11-16 15:59:26.890,1131,48810.25
2025-11-16 15:59:26.890,1132,49496.55
2025-11-16 15:59:26.890,1133,50377.22
2025-11-16 15:59:26.890,1134,52793.59
2025-11-16 15:59:26.890,1135,56912.64
2025-11-16 15:59:26.890,1136,94098.91
2025-11-16 15:59:26.890,1137,52409.35
2025-11-16 15:59:26.890,1138,51376.5
2025-11-16 15:59:26.890,1139,48980.34
2025-11-16 15:59:26.890,1140,51654.79
2025-11-16 15:59:26.890,1141,49845.72
2025-11-16 15:59:26.890,1142,56260.74
2025-11-16 15:59:26.890,1143,63544.07
2025-11-16 15:59:26.890,1144,238117.42
2025-11-16 15:59:26.890,1145,151772.23
2025-11-16 15:59:26.890,1146,49670.62
2025-11-16 15:59:26.890,1147,49670.62
2025-11-16 15:59:26.890,1148,81508.11
2025-11-16 15:59:26.890,1149,187749.41
2025-11-16 15:59:26.890,1150,107915.35
2025-11-16 15:59:26.890,1151,107915.35
2025-11-16 15:59:26.890,1152,118276.26
2025-11-16 15:59:26.890,1153,112509.73
2025-11-16 15:59:26.890,1154,110700.96
2025-11-16 15:59:26.890,1155,110700.96
2025-11-16 15:59:26.890,1156,110345.59
2025-11-16 15:59:26.890,1157,112143.66
2025-11-16 15:59:26.890,1158,108944.77
2025-11-16 15:59:26.890,1159,115134.95
2025-11-16 15:59:26.890,1160,112509.73
2025-11-16 15:59:26.890,1161,107915.35
2025-11-16 15:59:26.890,1162,119906.74
2025-11-16 15:59:26.890,1163,111418.03
2025-11-16 15:59:26.890,1164,120737.61
2025-11-16 15:59:26.890,1165,115134.95
2025-11-16 15:59:26.890,1166,110700.96
2025-11-16 15:59:26.890,1167,110700.96
2025-11-16 15:59:26.890,1168,119906.74
2025-11-16 15:59:26.890,1169,110700.96
2025-11-16 15:59:26.890,1170,113621.23
2025-11-16 15:59:26.890,1171,132097.22
2025-11-16 15:59:26.890,1172,119906.74
2025-11-16 15:59:26.890,1173,122431.63
2025-11-16 15:59:26.890,1174,125954.73
2025-11-16 15:59:26.890,1175,109992.31
2025-11-16 15:59:26.890,1176,115905.77
2025-11-16 15:59:26.890,1177,115134.95
2025-11-16 15:59:26.890,1178,119086.36
2025-11-16 15:59:26.890,1179,113248.5
2025-11-16 15:59:26.890,1180,97381.57
2025-11-16 15:59:26.890,1181,109992.31
2025-11-16 15:59:26.890,1182,102094.18
2025-11-16 15:59:26.890,1183,114753.04
2025-11-16 15:59:26.890,1184,170315.53
2025-11-16 15:59:26.890,1185,99687.32
2025-11-16 15:59:26.890,1186,100279.32
2025-11-16 15:59:26.890,1187,104608.9
2025-11-16 15:59:26.890,1188,93309.35
2025-11-16 15:59:26.890,1189,94364.8
2025-11-16 15:59:26.890,1190,104608.9
2025-11-16 15:59:26.890,1191,113621.23
2025-11-16 15:59:26.890,1192,460679.59
2025-11-16 15:59:26.890,1193,297844.91
2025-11-16 15:59:26.890,1194,93571.2
2025-11-16 15:59:26.890,1195,93571.2
2025-11-16 15:59:26.890,1196,170315.53
2025-11-16 15:59:26.890,1197,372678.72
2025-11-16 15:59:26.890,1198,226638.0
2025-11-16 15:59:26.890,1199,226638.0
2025-11-16 15:59:26.890,1200,900097.25
2025-11-16 15:59:26.890,1201,900097.25
2025-11-16 15:59:26.890,1202,965113.19
2025-11-16 15:59:26.890,1203,965113.19
2025-11-16 15:59:26.890,1204,793012.25
2025-11-16 15:59:26.890,1205,793012.25
2025-11-16 15:59:26.890,1206,793012.25
2025-11-16 15:59:26.890,1207,809075.0
2025-11-16 15:59:26.890,1208,734602.25
2025-11-16 15:59:26.890,1209,734602.25
2025-11-16 15:59:26.890,1210,988899.38
2025-11-16 15:59:26.890,1211,793012.25
2025-11-16 15:59:26.890,1212,880309.75
2025-11-16 15:59:26.890,1213,988899.38
2025-11-16 15:59:26.890,1214,900097.25
2025-11-16 15:59:26.890,1215,900097.25
2025-11-16 15:59:26.890,1216,965113.19
2025-11-16 15:59:26.890,1217,900097.25
2025-11-16 15:59:26.890,1218,900097.25
2025-11-16 15:59:26.890,1219,861364.44
2025-11-16 15:59:26.890,1220,861364.44
2025-11-16 15:59:26.890,1221,942433.13
2025-11-16 15:59:26.890,1222,942433.13
2025-11-16 15:59:26.890,1223,861364.44
2025-11-16 15:59:26.890,1224,942433.13
2025-11-16 15:59:26.890,1225,861364.44
2025-11-16 15:59:26.890,1226,942433.13
2025-11-16 15:59:26.890,1227,900097.25
2025-11-16 15:59:26.890,1228,988899.38
2025-11-16 15:59:26.890,1229,900097.25
2025-11-16 15:59:26.890,1230,900097.25
2025-11-16 15:59:26.890,1231,988899.38
2025-11-16 15:59:26.890,1232,988899.38
2025-11-16 15:59:26.890,1233,942433.13
2025-11-16 15:59:26.890,1234,708471.5
2025-11-16 15:59:26.890,1235,920784.13
2025-11-16 15:59:26.890,1236,900097.25
2025-11-16 15:59:26.890,1237,748393.56
2025-11-16 15:59:26.890,1238,988899.38
2025-11-16 15:59:26.890,1239,965113.19
2025-11-16 15:59:26.890,1240,920784.13
2025-11-16 15:59:26.890,1241,920784.13
2025-11-16 15:59:26.890,1242,920784.13
2025-11-16 15:59:26.890,1243,920784.13
2025-11-16 15:59:26.890,1244,900097.25
2025-11-16 15:59:26.890,1245,965113.19
2025-11-16 15:59:26.890,1246,965113.19
2025-11-16 15:59:26.890,1247,965113.19
2025-11-16 15:59:26.890,1248,195704.14
2025-11-16 15:59:26.890,1249,182175.47
2025-11-16 15:59:26.890,1250,167191.02
2025-11-16 15:59:26.890,1251,165668.98
2025-11-16 15:59:26.890,1252,170315.53
2025-11-16 15:59:26.890,1253,190659.31
2025-11-16 15:59:26.890,1254,173552.13
2025-11-16 15:59:26.890,1255,182175.47
2025-11-16 15:59:26.890,1256,182175.47
2025-11-16 15:59:26.890,1257,175214.38
2025-11-16 15:59:26.890,1258,187749.41
2025-11-16 15:59:26.890,1259,178630.77
2025-11-16 15:59:26.890,1260,183998.22
2025-11-16 15:59:26.890,1261,185855.86
2025-11-16 15:59:26.890,1262,184922.63
2025-11-16 15:59:26.890,1263,185855.86
2025-11-16 15:59:26.890,1264,189679.88
2025-11-16 15:59:26.890,1265,181276.86
2025-11-16 15:59:26.890,1266,176056.81
2025-11-16 15:59:26.890,1267,195704.14
2025-11-16 15:59:26.890,1268,196743.69
2025-11-16 15:59:26.890,1269,193656.09
2025-11-16 15:59:26.890,1270,193656.09
2025-11-16 15:59:26.890,1271,188709.95
2025-11-16 15:59:26.890,1272,174379.52
2025-11-16 15:59:26.890,1273,197793.8
2025-11-16 15:59:26.890,1274,204325.27
2025-11-16 15:59:26.890,1275,193656.09
2025-11-16 15:59:26.890,1276,182175.47
2025-11-16 15:59:26.890,1277,193656.09
2025-11-16 15:59:26.890,1278,182175.47
2025-11-16 15:59:26.890,1279,190659.31
2025-11-16 15:59:26.890,1280,297844.91
2025-11-16 15:59:26.890,1281,195704.14
2025-11-16 15:59:26.890,1282,183998.22
2025-11-16 15:59:26.890,1283,197793.8
2025-11-16 15:59:26.890,1284,191648.39
2025-11-16 15:59:26.890,1285,189679.88
2025-11-16 15:59:26.890,1286,210090.06
2025-11-16 15:59:26.890,1287,235144.47
2025-11-16 15:59:26.890,1288,942433.13
2025-11-16 15:59:26.890,1289,521823.06
2025-11-16 15:59:26.890,1290,189679.88
2025-11-16 15:59:26.890,1291,189679.88
2025-11-16 15:59:26.890,1292,278325.69
2025-11-16 15:59:26.890,1293,661350.38
2025-11-16 15:59:26.890,1294,391443.63
2025-11-16 15:59:26.890,1295,391443.63
2025-11-16 15:59:26.890,1296,49323.48
2025-11-16 15:59:26.890,1297,46843.01
2025-11-16 15:59:26.890,1298,46216.13
2025-11-16 15:59:26.890,1299,46061.56
2025-11-16 15:59:26.890,1300,45984.59
2025-11-16 15:59:26.890,1301,47484.0
2025-11-16 15:59:26.890,1302,46293.73
2025-11-16 15:59:26.890,1303,45754.95
2025-11-16 15:59:26.890,1304,46216.13
2025-11-16 15:59:26.890,1305,46138.74
2025-11-16 15:59:26.890,1306,46527.84
2025-11-16 15:59:26.890,1307,46527.84
2025-11-16 15:59:26.890,1308,46293.73
2025-11-16 15:59:26.890,1309,47081.7
2025-11-16 15:59:26.890,1310,45151.65
2025-11-16 15:59:26.890,1311,46371.55
2025-11-16 15:59:26.890,1312,48056.82
2025-11-16 15:59:26.890,1313,46293.73
2025-11-16 15:59:26.890,1314,44854.87
2025-11-16 15:59:26.890,1315,52029.78
2025-11-16 15:59:26.890,1316,49758.04
2025-11-16 15:59:26.890,1317,50918.22
2025-11-16 15:59:26.890,1318,46843.01
2025-11-16 15:59:26.890,1319,46527.84
2025-11-16 15:59:26.890,1320,46216.13
2025-11-16 15:59:26.890,1321,49845.72
2025-11-16 15:59:26.890,1322,50918.22
2025-11-16 15:59:26.890,1323,47081.7
2025-11-16 15:59:26.890,1324,41920.75
2025-11-16 15:59:26.890,1325,48725.57
2025-11-16 15:59:26.890,1326,43347.59
2025-11-16 15:59:26.890,1327,51100.71
2025-11-16 15:59:26.890,1328,75386.48
2025-11-16 15:59:26.890,1329,44343.09
2025-11-16 15:59:26.890,1330,42590.57
2025-11-16 15:59:26.890,1331,48473.0
2025-11-16 15:59:26.890,1332,41139.08
2025-11-16 15:59:26.890,1333,40630.89
2025-11-16 15:59:26.890,1334,40756.99
2025-11-16 15:59:26.890,1335,57465.76
2025-11-16 15:59:26.890,1336,218701.81
2025-11-16 15:59:26.890,1337,127787.46
2025-11-16 15:59:26.890,1338,43840.75
2025-11-16 15:59:26.890,1339,43840.75
2025-11-16 15:59:26.890,1340,68493.05
2025-11-16 15:59:26.890,1341,183998.22
2025-11-16 15:59:26.890,1342,94632.04
2025-11-16 15:59:26.890,1343,94632.04
2025-11-16 15:59:26.890,1344,30189.96
2025-11-16 15:59:26.890,1345,29603.42
2025-11-16 15:59:26.890,1346,28553.0
2025-11-16 15:59:26.890,1347,28699.64
2025-11-16 15:59:26.890,1348,28335.09
2025-11-16 15:59:26.890,1349,28773.39
2025-11-16 15:59:26.890,1350,28227.06
2025-11-16 15:59:26.890,1351,28736.48
2025-11-16 15:59:26.890,1352,28371.24
2025-11-16 15:59:26.890,1353,27906.57
2025-11-16 15:59:26.890,1354,28335.09
2025-11-16 15:59:26.890,1355,28553.0
2025-11-16 15:59:26.890,1356,28553.0
2025-11-16 15:59:26.890,1357,27800.93
2025-11-16 15:59:26.890,1358,29221.78
2025-11-16 15:59:26.890,1359,28773.39
2025-11-16 15:59:26.890,1360,31040.83
2025-11-16 15:59:26.890,1361,30189.96
2025-11-16 15:59:26.890,1362,30071.27
2025-11-16 15:59:26.890,1363,33870.7
2025-11-16 15:59:26.890,1364,32145.38
2025-11-16 15:59:26.890,1365,33495.87
2025-11-16 15:59:26.890,1366,30229.68
2025-11-16 15:59:26.890,1367,31585.79
2025-11-16 15:59:26.890,1368,30229.68
2025-11-16 15:59:26.890,1369,32014.92
2025-11-16 15:59:26.890,1370,34396.74
2025-11-16 15:59:26.890,1371,31628.31
2025-11-16 15:59:26.890,1372,29992.53
2025-11-16 15:59:26.890,1373,32630.74
2025-11-16 15:59:26.890,1374,29680.64
2025-11-16 15:59:26.890,1375,32900.21
2025-11-16 15:59:26.890,1376,55833.13
2025-11-16 15:59:26.890,1377,29564.92
2025-11-16 15:59:26.890,1378,29146.33
2025-11-16 15:59:26.890,1379,32276.66
2025-11-16 15:59:26.890,1380,29373.55
2025-11-16 15:59:26.890,1381,28921.71
2025-11-16 15:59:26.890,1382,30309.35
2025-11-16 15:59:26.890,1383,40380.55
2025-11-16 15:59:26.890,1384,167191.02
2025-11-16 15:59:26.890,1385,80294.42
2025-11-16 15:59:26.890,1386,29526.5
2025-11-16 15:59:26.890,1387,29526.5
2025-11-16 15:59:26.890,1388,47161.71
2025-11-16 15:59:26.890,1389,121157.05
2025-11-16 15:59:26.890,1390,71306.41
2025-11-16 15:59:26.890,1391,71306.41
2025-11-16 15:59:26.890,1392,29564.92
2025-11-16 15:59:26.890,1393,29184.02
2025-11-16 15:59:26.890,1394,28227.06
2025-11-16 15:59:26.890,1395,28407.46
2025-11-16 15:59:26.890,1396,28263.01
2025-11-16 15:59:26.890,1397,28480.09
2025-11-16 15:59:26.890,1398,28263.01
2025-11-16 15:59:26.890,1399,28407.46
2025-11-16 15:59:26.890,1400,28516.51
2025-11-16 15:59:26.890,1401,27836.08
2025-11-16 15:59:26.890,1402,28407.46
2025-11-16 15:59:26.890,1403,28371.24
2025-11-16 15:59:26.890,1404,28626.18
2025-11-16 15:59:26.890,1405,28191.18
2025-11-16 15:59:26.890,1406,29071.17
2025-11-16 15:59:26.890,1407,28443.74
2025-11-16 15:59:26.890,1408,30349.31
2025-11-16 15:59:26.890,1409,28480.09
2025-11-16 15:59:26.890,1410,29680.64
2025-11-16 15:59:26.890,1411,33682.49
2025-11-16 15:59:26.890,1412,32320.6
2025-11-16 15:59:26.890,1413,33495.87
2025-11-16 15:59:26.890,1414,29992.53
2025-11-16 15:59:26.890,1415,31543.36
2025-11-16 15:59:26.890,1416,30229.68
2025-11-16 15:59:26.890,1417,31756.39
2025-11-16 15:59:26.890,1418,34885.99
2025-11-16 15:59:26.890,1419,32058.32
2025-11-16 15:59:26.890,1420,30753.24
2025-11-16 15:59:26.890,1421,32855.06
2025-11-16 15:59:26.890,1422,30712.49
2025-11-16 15:59:26.890,1423,33310.84
2025-11-16 15:59:26.890,1424,58028.08
2025-11-16 15:59:26.890,1425,31206.99
2025-11-16 15:59:26.890,1426,30309.35
2025-11-16 15:59:26.890,1427,33081.75
2025-11-16 15:59:26.890,1428,30794.08
2025-11-16 15:59:26.890,1429,31206.99
2025-11-16 15:59:26.890,1430,34060.55
2025-11-16 15:59:26.890,1431,41526.96
2025-11-16 15:59:26.890,1432,191648.39
2025-11-16 15:59:26.890,1433,79112.48
2025-11-16 15:59:26.890,1434,30917.09
2025-11-16 15:59:26.890,1435,30917.09
2025-11-16 15:59:26.890,1436,48473.0
2025-11-16 15:59:26.890,1437,127324.66
2025-11-16 15:59:26.890,1438,74503.1
2025-11-16 15:59:26.890,1439,74503.1
2025-11-16 15:59:26.890,1440,35640.36
2025-11-16 15:59:26.890,1441,35184.73
2025-11-16 15:59:26.890,1442,33870.7
2025-11-16 15:59:26.890,1443,33495.87
2025-11-16 15:59:26.890,1444,33682.49
2025-11-16 15:59:26.890,1445,33776.39
2025-11-16 15:59:26.890,1446,33449.47
2025-11-16 15:59:26.890,1447,33682.49
2025-11-16 15:59:26.890,1448,33682.49
2025-11-16 15:59:26.890,1449,33588.98
2025-11-16 15:59:26.890,1450,32945.45
2025-11-16 15:59:26.890,1451,33682.49
2025-11-16 15:59:26.890,1452,33495.87
2025-11-16 15:59:26.890,1453,34060.55
2025-11-16 15:59:26.890,1454,33542.38
2025-11-16 15:59:26.890,1455,33588.98
2025-11-16 15:59:26.890,1456,35335.6
2025-11-16 15:59:26.890,1457,33682.49
2025-11-16 15:59:26.890,1458,34300.16
2025-11-16 15:59:26.890,1459,38578.92
2025-11-16 15:59:26.890,1460,37118.37
2025-11-16 15:59:26.890,1461,38695.02
2025-11-16 15:59:26.890,1462,34935.51
2025-11-16 15:59:26.890,1463,35640.36
2025-11-16 15:59:26.890,1464,34252.03
2025-11-16 15:59:26.890,1465,37009.64
2025-11-16 15:59:26.890,1466,39704.69
2025-11-16 15:59:26.890,1467,36157.48
2025-11-16 15:59:26.890,1468,33403.16
2025-11-16 15:59:26.890,1469,36793.67
2025-11-16 15:59:26.890,1470,32945.45
2025-11-16 15:59:26.890,1471,38233.91
2025-11-16 15:59:26.890,1472,58369.98
2025-11-16 15:59:26.890,1473,32855.06
2025-11-16 15:59:26.890,1474,27556.69
2025-11-16 15:59:26.890,1475,36209.84
2025-11-16 15:59:26.890,1476,31756.39
2025-11-16 15:59:26.890,1477,31543.36
2025-11-16 15:59:26.890,1478,26283.89
2025-11-16 15:59:26.890,1479,44415.61
2025-11-16 15:59:26.890,1480,195704.14
2025-11-16 15:59:26.890,1481,91010.8
2025-11-16 15:59:26.890,1482,33403.16
2025-11-16 15:59:26.890,1483,33403.16
2025-11-16 15:59:26.890,1484,51935.61
2025-11-16 15:59:26.890,1485,138820.45
2025-11-16 15:59:26.890,1486,79503.01
2025-11-16 15:59:26.890,1487,79503.01
2025-11-16 15:59:26.890,1488,27349.84
2025-11-16 15:59:26.890,1489,26875.9
2025-11-16 15:59:26.890,1490,26219.28
2025-11-16 15:59:26.890,1491,26090.74
2025-11-16 15:59:26.890,1492,25836.37
2025-11-16 15:59:26.890,1493,26154.89
2025-11-16 15:59:26.890,1494,26026.81
2025-11-16 15:59:26.890,1495,26058.75
2025-11-16 15:59:26.890,1496,25836.37
2025-11-16 15:59:26.890,1497,25585.55
2025-11-16 15:59:26.890,1498,25836.37
2025-11-16 15:59:26.890,1499,25276.9
2025-11-16 15:59:26.890,1500,26090.74
2025-11-16 15:59:26.890,1501,25679.2
2025-11-16 15:59:26.890,1502,25679.2
2025-11-16 15:59:26.890,1503,26026.81
2025-11-16 15:59:26.890,1504,26842.51
2025-11-16 15:59:26.890,1505,25679.2
2025-11-16 15:59:26.890,1506,25710.52
2025-11-16 15:59:26.890,1507,29992.53
2025-11-16 15:59:26.890,1508,28810.36
2025-11-16 15:59:26.890,1509,30671.81
2025-11-16 15:59:26.890,1510,26976.45
2025-11-16 15:59:26.890,1511,27626.15
2025-11-16 15:59:26.890,1512,27247.26
2025-11-16 15:59:26.890,1513,28407.46
2025-11-16 15:59:26.890,1514,31290.57
2025-11-16 15:59:26.890,1515,27906.57
2025-11-16 15:59:26.890,1516,26544.65
2025-11-16 15:59:26.890,1517,29071.17
2025-11-16 15:59:26.890,1518,26479.11
2025-11-16 15:59:26.890,1519,29526.5
2025-11-16 15:59:26.890,1520,48641.14
2025-11-16 15:59:26.890,1521,26316.28
2025-11-16 15:59:26.890,1522,26154.89
2025-11-16 15:59:26.890,1523,29526.5
2025-11-16 15:59:26.890,1524,26479.11
2025-11-16 15:59:26.890,1525,26909.36
2025-11-16 15:59:26.890,1526,27836.08
2025-11-16 15:59:26.890,1527,37009.64
2025-11-16 15:59:26.890,1528,168739.63
2025-11-16 15:59:26.890,1529,75565.37
2025-11-16 15:59:26.890,1530,26742.69
2025-11-16 15:59:26.890,1531,26742.69
2025-11-16 15:59:26.890,1532,41397.01
2025-11-16 15:59:26.890,1533,109291.9
2025-11-16 15:59:26.890,1534,65169.12
2025-11-16 15:59:26.890,1535,65169.12
2025-11-16 15:59:26.890,1536,25124.57
2025-11-16 15:59:26.890,1537,25124.57
2025-11-16 15:59:26.890,1538,25124.57
2025-11-16 15:59:26.890,1539,25124.57
2025-11-16 15:59:26.890,1540,25124.57
2025-11-16 15:59:26.890,1541,25124.57
2025-11-16 15:59:26.890,1542,25124.57
2025-11-16 15:59:26.890,1543,25124.57
2025-11-16 15:59:26.890,1544,25124.57
2025-11-16 15:59:26.890,1545,25124.57
2025-11-16 15:59:26.890,1546,25124.57
2025-11-16 15:59:26.890,1547,25124.57
2025-11-16 15:59:26.890,1548,25124.57
2025-11-16 15:59:26.890,1549,25124.57
2025-11-16 15:59:26.890,1550,25124.57
2025-11-16 15:59:26.890,1551,25124.57
2025-11-16 15:59:26.890,1552,25124.57
2025-11-16 15:59:26.890,1553,25124.57
2025-11-16 15:59:26.890,1554,25124.57
2025-11-16 15:59:26.890,1555,25124.57
2025-11-16 15:59:26.890,1556,25124.57
2025-11-16 15:59:26.890,1557,25124.57
2025-11-16 15:59:26.890,1558,25124.57
2025-11-16 15:59:26.890,1559,25124.57
2025-11-16 15:59:26.890,1560,25124.57
2025-11-16 15:59:26.890,1561,25124.57
2025-11-16 15:59:26.890,1562,25124.57
2025-11-16 15:59:26.890,1563,25124.57
2025-11-16 15:59:26.890,1564,25124.57
2025-11-16 15:59:26.890,1565,25124.57
2025-11-16 15:59:26.890,1566,25124.57
2025-11-16 15:59:26.890,1567,25124.57
2025-11-16 15:59:26.890,1568,25124.57
2025-11-16 15:59:26.890,1569,25124.57
2025-11-16 15:59:26.890,1570,25124.57
2025-11-16 15:59:26.890,1571,25124.57
2025-11-16 15:59:26.890,1572,25124.57
2025-11-16 15:59:26.890,1573,25124.57
2025-11-16 15:59:26.890,1574,25124.57
2025-11-16 15:59:26.890,1575,25124.57
2025-11-16 15:59:26.890,1576,25124.57
2025-11-16 15:59:26.890,1577,25124.57
2025-11-16 15:59:26.890,1578,25124.57
2025-11-16 15:59:26.890,1579,25124.57
2025-11-16 15:59:26.890,1580,25124.57
2025-11-16 15:59:26.890,1581,25124.57
2025-11-16 15:59:26.890,1582,25124.57
2025-11-16 15:59:26.890,1583,25124.57
2025-11-16 15:59:26.890,1584,25124.57
2025-11-16 15:59:26.890,1585,24913.49
2025-11-16 15:59:26.890,1586,24093.88
2025-11-16 15:59:26.890,1587,23866.7
2025-11-16 15:59:26.890,1588,24036.8
2025-11-16 15:59:26.890,1589,24151.15
2025-11-16 15:59:26.890,1590,24093.88
2025-11-16 15:59:26.890,1591,24065.32
2025-11-16 15:59:26.890,1592,24208.61
2025-11-16 15:59:26.890,1593,24036.8
2025-11-16 15:59:26.890,1594,24208.61
2025-11-16 15:59:26.890,1595,24266.27
2025-11-16 15:59:26.890,1596,24324.12
2025-11-16 15:59:26.890,1597,24208.61
2025-11-16 15:59:26.890,1598,24151.15
2025-11-16 15:59:26.890,1599,24208.61
2025-11-16 15:59:26.890,1600,24913.49
2025-11-16 15:59:26.890,1601,24324.12
2025-11-16 15:59:26.890,1602,23421.27
2025-11-16 15:59:26.890,1603,28263.01
2025-11-16 15:59:26.890,1604,27010.09
2025-11-16 15:59:26.890,1605,28553.0
2025-11-16 15:59:26.890,1606,25679.2
2025-11-16 15:59:26.890,1607,26090.74
2025-11-16 15:59:26.890,1608,25963.11
2025-11-16 15:59:26.890,1609,27660.98
2025-11-16 15:59:26.890,1610,29641.99
2025-11-16 15:59:26.890,1611,26809.18
2025-11-16 15:59:26.890,1612,25276.9
2025-11-16 15:59:26.890,1613,27695.87
2025-11-16 15:59:26.890,1614,24823.81
2025-11-16 15:59:26.890,1615,27941.91
2025-11-16 15:59:26.890,1616,47322.41
2025-11-16 15:59:26.890,1617,24794.01
2025-11-16 15:59:26.890,1618,25215.81
2025-11-16 15:59:26.890,1619,27695.87
2025-11-16 15:59:26.890,1620,25461.45
2025-11-16 15:59:26.890,1621,26026.81
2025-11-16 15:59:26.890,1622,27281.39
2025-11-16 15:59:26.890,1623,35034.87
2025-11-16 15:59:26.890,1624,183082.55
2025-11-16 15:59:26.890,1625,73809.42
2025-11-16 15:59:26.890,1626,25647.93
2025-11-16 15:59:26.890,1627,25647.93
2025-11-16 15:59:26.890,1628,40132.67
2025-11-16 15:59:26.890,1629,112143.66
2025-11-16 15:59:26.890,1630,64347.73
2025-11-16 15:59:26.890,1631,64347.73
2025-11-16 15:59:26.890,1632,24295.17
2025-11-16 15:59:26.890,1633,24036.8
2025-11-16 15:59:26.890,1634,23257.23
2025-11-16 15:59:26.890,1635,22933.92
2025-11-16 15:59:26.890,1636,22774.6
2025-11-16 15:59:26.890,1637,23257.23
2025-11-16 15:59:26.890,1638,23311.73
2025-11-16 15:59:26.890,1639,22987.37
2025-11-16 15:59:26.890,1640,23202.91
2025-11-16 15:59:26.890,1641,23148.76
2025-11-16 15:59:26.890,1642,23311.73
2025-11-16 15:59:26.890,1643,23284.46
2025-11-16 15:59:26.890,1644,23311.73
2025-11-16 15:59:26.890,1645,23284.46
2025-11-16 15:59:26.890,1646,21553.27
2025-11-16 15:59:26.890,1647,23311.73
2025-11-16 15:59:26.890,1648,23067.87
2025-11-16 15:59:26.890,1649,22101.59
2025-11-16 15:59:26.890,1650,22460.52
2025-11-16 15:59:26.890,1651,26676.44
2025-11-16 15:59:26.890,1652,25710.52
2025-11-16 15:59:26.890,1653,26676.44
2025-11-16 15:59:26.890,1654,24151.15
2025-11-16 15:59:26.890,1655,24382.16
2025-11-16 15:59:26.890,1656,24093.88
2025-11-16 15:59:26.890,1657,25647.93
2025-11-16 15:59:26.890,1658,27247.26
2025-11-16 15:59:26.890,1659,24734.57
2025-11-16 15:59:26.890,1660,18781.14
2025-11-16 15:59:26.890,1661,25033.8
2025-11-16 15:59:26.890,1662,17795.93
2025-11-16 15:59:26.890,1663,25963.11
2025-11-16 15:59:26.890,1664,39765.37
2025-11-16 15:59:26.890,1665,17018.8
2025-11-16 15:59:26.890,1666,19751.0
2025-11-16 15:59:26.890,1667,24382.16
2025-11-16 15:59:26.890,1668,16982.88
2025-11-16 15:59:26.890,1669,19491.78
2025-11-16 15:59:26.890,1670,23726.24
2025-11-16 15:59:26.890,1671,30550.28
2025-11-16 15:59:26.890,1672,161255.75
2025-11-16 15:59:26.890,1673,62757.56
2025-11-16 15:59:26.890,1674,20170.86
2025-11-16 15:59:26.890,1675,20170.86
2025-11-16 15:59:26.890,1676,36262.32
2025-11-16 15:59:26.890,1677,97948.88
2025-11-16 15:59:26.890,1678,58255.64
2025-11-16 15:59:26.890,1679,58255.64
2025-11-16 15:59:26.890,1680,34985.13
2025-11-16 15:59:26.890,1681,34300.16
2025-11-16 15:59:26.890,1682,33588.98
2025-11-16 15:59:26.890,1683,32586.16
2025-11-16 15:59:26.890,1684,32765.05
2025-11-16 15:59:26.890,1685,33635.68
2025-11-16 15:59:26.890,1686,32945.45
2025-11-16 15:59:26.890,1687,33403.16
2025-11-16 15:59:26.890,1688,33127.38
2025-11-16 15:59:26.890,1689,33036.22
2025-11-16 15:59:26.890,1690,33310.84
2025-11-16 15:59:26.890,1691,33127.38
2025-11-16 15:59:26.890,1692,33495.87
2025-11-16 15:59:26.890,1693,32855.06
2025-11-16 15:59:26.890,1694,28119.63
2025-11-16 15:59:26.890,1695,32720.19
2025-11-16 15:59:26.890,1696,32586.16
2025-11-16 15:59:26.890,1697,31040.83
2025-11-16 15:59:26.890,1698,32189.05
2025-11-16 15:59:26.890,1699,37725.46
2025-11-16 15:59:26.890,1700,36793.67
2025-11-16 15:59:26.890,1701,38006.61
2025-11-16 15:59:26.890,1702,34493.74
2025-11-16 15:59:26.890,1703,34156.08
2025-11-16 15:59:26.890,1704,34836.58
2025-11-16 15:59:26.890,1705,36793.67
2025-11-16 15:59:26.890,1706,38695.02
2025-11-16 15:59:26.890,1707,35897.47
2025-11-16 15:59:26.890,1708,31628.31
2025-11-16 15:59:26.890,1709,36686.43
2025-11-16 15:59:26.890,1710,31206.99
2025-11-16 15:59:26.890,1711,37950.12
2025-11-16 15:59:26.890,1712,54075.63
2025-11-16 15:59:26.890,1713,31458.76
2025-11-16 15:59:26.890,1714,32058.32
2025-11-16 15:59:26.890,1715,36793.67
2025-11-16 15:59:26.890,1716,29146.33
2025-11-16 15:59:26.890,1717,31799.26
2025-11-16 15:59:26.890,1718,35845.82
2025-11-16 15:59:26.890,1719,45002.86
2025-11-16 15:59:26.890,1720,238117.42
2025-11-16 15:59:26.890,1721,90021.7
2025-11-16 15:59:26.890,1722,33127.38
2025-11-16 15:59:26.890,1723,33127.38
2025-11-16 15:59:26.890,1724,50556.48
2025-11-16 15:59:26.890,1725,135640.13
2025-11-16 15:59:26.890,1726,79896.98
2025-11-16 15:59:26.890,1727,79896.98
2025-11-16 15:59:26.890,1728,26809.18
2025-11-16 15:59:26.890,1729,26544.65
2025-11-16 15:59:26.890,1730,25963.11
2025-11-16 15:59:26.890,1731,25710.52
2025-11-16 15:59:26.890,1732,25679.2
2025-11-16 15:59:26.890,1733,25963.11
2025-11-16 15:59:26.890,1734,25710.52
2025-11-16 15:59:26.890,1735,25710.52
2025-11-16 15:59:26.890,1736,25804.82
2025-11-16 15:59:26.890,1737,25647.93
2025-11-16 15:59:26.890,1738,25994.93
2025-11-16 15:59:26.890,1739,25836.37
2025-11-16 15:59:26.890,1740,25647.93
2025-11-16 15:59:26.890,1741,25710.52
2025-11-16 15:59:26.890,1742,22050.96
2025-11-16 15:59:26.890,1743,25679.2
2025-11-16 15:59:26.890,1744,25185.35
2025-11-16 15:59:26.890,1745,23614.7
2025-11-16 15:59:26.890,1746,23586.93
2025-11-16 15:59:26.890,1747,29071.17
2025-11-16 15:59:26.890,1748,28191.18
2025-11-16 15:59:26.890,1749,28958.97
2025-11-16 15:59:26.890,1750,26676.44
2025-11-16 15:59:26.890,1751,26544.65
2025-11-16 15:59:26.890,1752,26742.69
2025-11-16 15:59:26.890,1753,28263.01
2025-11-16 15:59:26.890,1754,29992.53
2025-11-16 15:59:26.890,1755,27213.2
2025-11-16 15:59:26.890,1756,20014.81
2025-11-16 15:59:26.890,1757,28012.8
2025-11-16 15:59:26.890,1758,21406.95
2025-11-16 15:59:26.890,1759,28847.41
2025-11-16 15:59:26.890,1760,44634.36
2025-11-16 15:59:26.890,1761,22907.26
2025-11-16 15:59:26.890,1762,22460.52
2025-11-16 15:59:26.890,1763,27765.84
2025-11-16 15:59:26.890,1764,22305.72
2025-11-16 15:59:26.890,1765,22152.38
2025-11-16 15:59:26.890,1766,26775.9
2025-11-16 15:59:26.890,1767,34252.03
2025-11-16 15:59:26.890,1768,182175.47
2025-11-16 15:59:26.890,1769,72958.16
2025-11-16 15:59:26.890,1770,24675.34
2025-11-16 15:59:26.890,1771,24675.34
2025-11-16 15:59:26.890,1772,39644.14
2025-11-16 15:59:26.890,1773,107238.9
2025-11-16 15:59:26.890,1774,65867.58
2025-11-16 15:59:26.890,1775,65867.58
2025-11-16 15:59:26.890,1776,24208.61
2025-11-16 15:59:26.890,1777,23754.24
2025-11-16 15:59:26.890,1778,22880.64
2025-11-16 15:59:26.890,1779,22933.92
2025-11-16 15:59:26.890,1780,22774.6
2025-11-16 15:59:26.890,1781,23148.76
2025-11-16 15:59:26.890,1782,22721.83
2025-11-16 15:59:26.890,1783,22933.92
2025-11-16 15:59:26.890,1784,22590.65
2025-11-16 15:59:26.890,1785,22564.54
2025-11-16 15:59:26.890,1786,22827.54
2025-11-16 15:59:26.890,1787,22987.37
2025-11-16 15:59:26.890,1788,22590.65
2025-11-16 15:59:26.890,1789,22748.2
2025-11-16 15:59:26.890,1790,20533.68
2025-11-16 15:59:26.890,1791,22933.92
2025-11-16 15:59:26.890,1792,21577.78
2025-11-16 15:59:26.890,1793,20602.68
2025-11-16 15:59:26.890,1794,20193.28
2025-11-16 15:59:26.890,1795,26219.28
2025-11-16 15:59:26.890,1796,24853.65
2025-11-16 15:59:26.890,1797,25710.52
2025-11-16 15:59:26.890,1798,23754.24
2025-11-16 15:59:26.890,1799,23202.91
2025-11-16 15:59:26.890,1800,23782.29
2025-11-16 15:59:26.890,1801,25064.0
2025-11-16 15:59:26.890,1802,26610.43
2025-11-16 15:59:26.890,1803,24266.27
2025-11-16 15:59:26.890,1804,18659.26
2025-11-16 15:59:26.890,1805,24498.84
2025-11-16 15:59:26.890,1806,19534.67
2025-11-16 15:59:26.890,1807,25647.93
2025-11-16 15:59:26.890,1808,39704.69
2025-11-16 15:59:26.890,1809,19556.16
2025-11-16 15:59:26.890,1810,17588.13
2025-11-16 15:59:26.890,1811,23866.7
2025-11-16 15:59:26.890,1812,18142.77
2025-11-16 15:59:26.890,1813,16455.14
2025-11-16 15:59:26.890,1814,23586.93
2025-11-16 15:59:26.890,1815,29526.5
2025-11-16 15:59:26.890,1816,170315.53
2025-11-16 15:59:26.890,1817,65867.58
2025-11-16 15:59:26.890,1818,21023.29
2025-11-16 15:59:26.890,1819,21023.29
2025-11-16 15:59:26.890,1820,35742.86
2025-11-16 15:59:26.890,1821,94632.04
2025-11-16 15:59:26.890,1822,57802.03
2025-11-16 15:59:26.890,1823,57802.03
2025-11-16 15:59:26.890,1824,33588.98
2025-11-16 15:59:26.890,1825,33682.49
2025-11-16 15:59:26.890,1826,32630.74
2025-11-16 15:59:26.890,1827,32145.38
2025-11-16 15:59:26.890,1828,32364.63
2025-11-16 15:59:26.890,1829,32320.6
2025-11-16 15:59:26.890,1830,32145.38
2025-11-16 15:59:26.890,1831,31799.26
2025-11-16 15:59:26.890,1832,32232.81
2025-11-16 15:59:26.890,1833,31885.26
2025-11-16 15:59:26.890,1834,31458.76
2025-11-16 15:59:26.890,1835,32145.38
2025-11-16 15:59:26.890,1836,31458.76
2025-11-16 15:59:26.890,1837,31971.61
2025-11-16 15:59:26.890,1838,26742.69
2025-11-16 15:59:26.890,1839,31885.26
2025-11-16 15:59:26.890,1840,32058.32
2025-11-16 15:59:26.890,1841,30269.48
2025-11-16 15:59:26.890,1842,30150.32
2025-11-16 15:59:26.890,1843,36053.13
2025-11-16 15:59:26.890,1844,35134.67
2025-11-16 15:59:26.890,1845,36053.13
2025-11-16 15:59:26.890,1846,33403.16
2025-11-16 15:59:26.890,1847,34060.55
2025-11-16 15:59:26.890,1848,33403.16
2025-11-16 15:59:26.890,1849,35084.71
2025-11-16 15:59:26.890,1850,37447.59
2025-11-16 15:59:26.890,1851,34252.03
2025-11-16 15:59:26.890,1852,29992.53
2025-11-16 15:59:26.890,1853,34640.03
2025-11-16 15:59:26.890,1854,28371.24
2025-11-16 15:59:26.890,1855,35386.11
2025-11-16 15:59:26.890,1856,52793.59
2025-11-16 15:59:26.890,1857,30269.48
2025-11-16 15:59:26.890,1858,30876.0
2025-11-16 15:59:26.890,1859,35184.73
2025-11-16 15:59:26.890,1860,31082.24
2025-11-16 15:59:26.890,1861,31248.74
2025-11-16 15:59:26.890,1862,34885.99
2025-11-16 15:59:26.890,1863,43840.75
2025-11-16 15:59:26.890,1864,247485.06
2025-11-16 15:59:26.890,1865,94632.04
2025-11-16 15:59:26.890,1866,31928.39
2025-11-16 15:59:26.890,1867,31928.39
2025-11-16 15:59:26.890,1868,47322.41
2025-11-16 15:59:26.890,1869,122004.03
2025-11-16 15:59:26.890,1870,78725.33
2025-11-16 15:59:26.890,1871,78725.33
2025-11-16 15:59:26.890,1872,28480.09
2025-11-16 15:59:26.890,1873,28443.74
2025-11-16 15:59:26.890,1874,27591.39
2025-11-16 15:59:26.890,1875,27010.09
2025-11-16 15:59:26.890,1876,27010.09
2025-11-16 15:59:26.890,1877,27213.2
2025-11-16 15:59:26.890,1878,27213.2
2025-11-16 15:59:26.890,1879,27281.39
2025-11-16 15:59:26.890,1880,27213.2
2025-11-16 15:59:26.890,1881,27247.26
2025-11-16 15:59:26.890,1882,27247.26
2025-11-16 15:59:26.890,1883,27247.26
2025-11-16 15:59:26.890,1884,27213.2
2025-11-16 15:59:26.890,1885,27349.84
2025-11-16 15:59:26.890,1886,23040.99
2025-11-16 15:59:26.890,1887,27145.25
2025-11-16 15:59:26.890,1888,27010.09
2025-11-16 15:59:26.890,1889,25616.71
2025-11-16 15:59:26.890,1890,25647.93
2025-11-16 15:59:26.890,1891,31458.76
2025-11-16 15:59:26.890,1892,30150.32
2025-11-16 15:59:26.890,1893,30958.25
2025-11-16 15:59:26.890,1894,28335.09
2025-11-16 15:59:26.890,1895,28407.46
2025-11-16 15:59:26.890,1896,28263.01
2025-11-16 15:59:26.890,1897,30150.32
2025-11-16 15:59:26.890,1898,31971.61
2025-11-16 15:59:26.890,1899,29146.33
2025-11-16 15:59:26.890,1900,23257.23
2025-11-16 15:59:26.890,1901,29603.42
2025-11-16 15:59:26.890,1902,21455.57
2025-11-16 15:59:26.890,1903,30550.28
2025-11-16 15:59:26.890,1904,46216.13
2025-11-16 15:59:26.890,1905,24498.84
2025-11-16 15:59:26.890,1906,24469.6
2025-11-16 15:59:26.890,1907,29564.92
2025-11-16 15:59:26.890,1908,24794.01
2025-11-16 15:59:26.890,1909,24616.31
2025-11-16 15:59:26.890,1910,27941.91
2025-11-16 15:59:26.890,1911,37227.6
2025-11-16 15:59:26.890,1912,218701.81
2025-11-16 15:59:26.890,1913,79112.48
2025-11-16 15:59:26.890,1914,26219.28
2025-11-16 15:59:26.890,1915,26219.28
2025-11-16 15:59:26.890,1916,42590.57
2025-11-16 15:59:26.890,1917,110345.59
2025-11-16 15:59:26.890,1918,71144.84
2025-11-16 15:59:26.890,1919,71144.84
2025-11-16 15:59:26.890,1920,601218.31
2025-11-16 15:59:26.890,1921,528822.38
2025-11-16 15:59:26.890,1922,550970.88
2025-11-16 15:59:26.890,1923,536008.31
2025-11-16 15:59:26.890,1924,536008.31
2025-11-16 15:59:26.890,1925,558763.94
2025-11-16 15:59:26.890,1926,508356.06
2025-11-16 15:59:26.890,1927,521823.06
2025-11-16 15:59:26.890,1928,696081.88
2025-11-16 15:59:26.890,1929,592227.94
2025-11-16 15:59:26.890,1930,708471.5
2025-11-16 15:59:26.890,1931,721303.56
2025-11-16 15:59:26.890,1932,684112.31
2025-11-16 15:59:26.890,1933,684112.31
2025-11-16 15:59:26.890,1934,583498.19
2025-11-16 15:59:26.890,1935,661350.38
2025-11-16 15:59:26.890,1936,920784.13
2025-11-16 15:59:26.890,1937,661350.38
2025-11-16 15:59:26.890,1938,601218.31
2025-11-16 15:59:26.890,1939,861364.44
2025-11-16 15:59:26.890,1940,696081.88
2025-11-16 15:59:26.890,1941,734602.25
2025-11-16 15:59:26.890,1942,650520.19
2025-11-16 15:59:26.890,1943,684112.31
2025-11-16 15:59:26.890,1944,708471.5
2025-11-16 15:59:26.890,1945,566776.38
2025-11-16 15:59:26.890,1946,672541.69
2025-11-16 15:59:26.890,1947,734602.25
2025-11-16 15:59:26.890,1948,566776.38
2025-11-16 15:59:26.890,1949,536008.31
2025-11-16 15:59:26.890,1950,558763.94
2025-11-16 15:59:26.890,1951,721303.56
2025-11-16 15:59:26.890,1952,583498.19
2025-11-16 15:59:26.890,1953,528822.38
2025-11-16 15:59:26.890,1954,550970.88
2025-11-16 15:59:26.890,1955,583498.19
2025-11-16 15:59:26.890,1956,521823.06
2025-11-16 15:59:26.890,1957,471757.34
2025-11-16 15:59:26.890,1958,521823.06
2025-11-16 15:59:26.890,1959,684112.31
2025-11-16 15:59:26.890,1960,942433.13
2025-11-16 15:59:26.890,1961,942433.13
2025-11-16 15:59:26.890,1962,508356.06
2025-11-16 15:59:26.890,1963,508356.06
2025-11-16 15:59:26.890,1964,395419.56
2025-11-16 15:59:26.890,1965,793012.25
2025-11-16 15:59:26.890,1966,777567.38
2025-11-16 15:59:26.890,1967,777567.38
2025-11-16 15:59:26.890,1968,31416.58
2025-11-16 15:59:26.890,1969,30712.49
2025-11-16 15:59:26.890,1970,30309.35
2025-11-16 15:59:26.890,1971,30110.76
2025-11-16 15:59:26.890,1972,30071.27
2025-11-16 15:59:26.890,1973,30389.34
2025-11-16 15:59:26.890,1974,30150.32
2025-11-16 15:59:26.890,1975,30389.34
2025-11-16 15:59:26.890,1976,30389.34
2025-11-16 15:59:26.890,1977,29603.42
2025-11-16 15:59:26.890,1978,30150.32
2025-11-16 15:59:26.890,1979,30712.49
2025-11-16 15:59:26.890,1980,30150.32
2025-11-16 15:59:26.890,1981,30349.31
2025-11-16 15:59:26.890,1982,26090.74
2025-11-16 15:59:26.890,1983,30229.68
2025-11-16 15:59:26.890,1984,30309.35
2025-11-16 15:59:26.890,1985,28407.46
2025-11-16 15:59:26.890,1986,27977.33
2025-11-16 15:59:26.890,1987,33729.39
2025-11-16 15:59:26.890,1988,32945.45
2025-11-16 15:59:26.890,1989,33682.49
2025-11-16 15:59:26.890,1990,30958.25
2025-11-16 15:59:26.890,1991,31374.49
2025-11-16 15:59:26.890,1992,31248.74
2025-11-16 15:59:26.890,1993,32232.81
2025-11-16 15:59:26.890,1994,34985.13
2025-11-16 15:59:26.890,1995,32145.38
2025-11-16 15:59:26.890,1996,27281.39
2025-11-16 15:59:26.890,1997,32145.38
2025-11-16 15:59:26.890,1998,24794.01
2025-11-16 15:59:26.890,1999,33403.16
2025-11-16 15:59:26.890,2000,48222.58
2025-11-16 15:59:26.890,2001,26090.74
2025-11-16 15:59:26.890,2002,27179.19
2025-11-16 15:59:26.890,2003,32232.81
2025-11-16 15:59:26.890,2004,28263.01
2025-11-16 15:59:26.890,2005,28407.46
2025-11-16 15:59:26.890,2006,32058.32
2025-11-16 15:59:26.890,2007,40318.35
2025-11-16 15:59:26.890,2008,241163.34
2025-11-16 15:59:26.890,2009,86936.61
2025-11-16 15:59:26.890,2010,29108.72
2025-11-16 15:59:26.890,2011,29108.72
2025-11-16 15:59:26.890,2012,43983.32
2025-11-16 15:59:26.890,2013,121579.19
2025-11-16 15:59:26.890,2014,72958.16
2025-11-16 15:59:26.890,2015,72958.16
2025-11-16 15:59:26.890,2016,471757.34
2025-11-16 15:59:26.890,2017,395419.56
2025-11-16 15:59:26.890,2018,365654.84
2025-11-16 15:59:26.890,2019,376290.09
2025-11-16 15:59:26.890,2020,387544.88
2025-11-16 15:59:26.890,2021,387544.88
2025-11-16 15:59:26.890,2022,387544.88
2025-11-16 15:59:26.890,2023,430305.09
2025-11-16 15:59:26.890,2024,395419.56
2025-11-16 15:59:26.890,2025,322883.13
2025-11-16 15:59:26.890,2026,391443.63
2025-11-16 15:59:26.890,2027,407834.16
2025-11-16 15:59:26.890,2028,450099.75
2025-11-16 15:59:26.890,2029,387544.88
2025-11-16 15:59:26.890,2030,376290.09
2025-11-16 15:59:26.890,2031,439984.91
2025-11-16 15:59:26.890,2032,435092.38
2025-11-16 15:59:26.890,2033,421032.91
2025-11-16 15:59:26.890,2034,455329.53
2025-11-16 15:59:26.890,2035,550970.88
2025-11-16 15:59:26.890,2036,521823.06
2025-11-16 15:59:26.890,2037,477494.09
2025-11-16 15:59:26.890,2038,450099.75
2025-11-16 15:59:26.890,2039,379970.25
2025-11-16 15:59:26.890,2040,430305.09
2025-11-16 15:59:26.890,2041,450099.75
2025-11-16 15:59:26.890,2042,521823.06
2025-11-16 15:59:26.890,2043,460679.59
2025-11-16 15:59:26.890,2044,421032.91
2025-11-16 15:59:26.890,2045,450099.75
2025-11-16 15:59:26.890,2046,372678.72
2025-11-16 15:59:26.890,2047,508356.06
2025-11-16 15:59:26.890,2048,376290.09
2025-11-16 15:59:26.890,2049,439984.91
2025-11-16 15:59:26.890,2050,489387.19
2025-11-16 15:59:26.890,2051,508356.06
2025-11-16 15:59:26.890,2052,455329.53
2025-11-16 15:59:26.890,2053,391443.63
2025-11-16 15:59:26.890,2054,421032.91
2025-11-16 15:59:26.890,2055,536008.31
2025-11-16 15:59:26.890,2056,942433.13
2025-11-16 15:59:26.890,2057,942433.13
2025-11-16 15:59:26.890,2058,460679.59
2025-11-16 15:59:26.890,2059,460679.59
2025-11-16 15:59:26.890,2060,249115.52
2025-11-16 15:59:26.890,2061,809075.0
2025-11-16 15:59:26.890,2062,762705.19
2025-11-16 15:59:26.890,2063,762705.19
2025-11-16 15:59:26.890,2064,28516.51
2025-11-16 15:59:26.890,2065,28227.06
2025-11-16 15:59:26.890,2066,27800.93
2025-11-16 15:59:26.890,2067,26809.18
2025-11-16 15:59:26.890,2068,27281.39
2025-11-16 15:59:26.890,2069,27556.69
2025-11-16 15:59:26.890,2070,27349.84
2025-11-16 15:59:26.890,2071,27660.98
2025-11-16 15:59:26.890,2072,27765.84
2025-11-16 15:59:26.890,2073,26909.36
2025-11-16 15:59:26.890,2074,27695.87
2025-11-16 15:59:26.890,2075,27836.08
2025-11-16 15:59:26.890,2076,27765.84
2025-11-16 15:59:26.890,2077,27556.69
2025-11-16 15:59:26.890,2078,24008.33
2025-11-16 15:59:26.890,2079,27384.16
2025-11-16 15:59:26.890,2080,22538.48
2025-11-16 15:59:26.890,2081,21602.34
2025-11-16 15:59:26.890,2082,26090.74
2025-11-16 15:59:26.890,2083,30071.27
2025-11-16 15:59:26.890,2084,30229.68
2025-11-16 15:59:26.890,2085,31290.57
2025-11-16 15:59:26.890,2086,28191.18
2025-11-16 15:59:26.890,2087,28227.06
2025-11-16 15:59:26.890,2088,28699.64
2025-11-16 15:59:26.890,2089,30309.35
2025-11-16 15:59:26.890,2090,32855.06
2025-11-16 15:59:26.890,2091,29992.53
2025-11-16 15:59:26.890,2092,27730.82
2025-11-16 15:59:26.890,2093,30389.34
2025-11-16 15:59:26.890,2094,27213.2
2025-11-16 15:59:26.890,2095,31290.57
2025-11-16 15:59:26.890,2096,52029.78
2025-11-16 15:59:26.890,2097,27695.87
2025-11-16 15:59:26.890,2098,27977.33
2025-11-16 15:59:26.890,2099,30550.28
2025-11-16 15:59:26.890,2100,27695.87
2025-11-16 15:59:26.890,2101,27977.33
2025-11-16 15:59:26.890,2102,31543.36
2025-11-16 15:59:26.890,2103,38348.37
2025-11-16 15:59:26.890,2104,235144.47
2025-11-16 15:59:26.890,2105,84909.8
2025-11-16 15:59:26.890,2106,28263.01
2025-11-16 15:59:26.890,2107,28263.01
2025-11-16 15:59:26.890,2108,44634.36
2025-11-16 15:59:26.890,2109,112877.99
2025-11-16 15:59:26.890,2110,68493.05
2025-11-16 15:59:26.890,2111,68493.05
2025-11-16 15:59:26.890,2112,317555.0
2025-11-16 15:59:26.890,2113,268514.44
2025-11-16 15:59:26.890,2114,291051.47
2025-11-16 15:59:26.890,2115,291051.47
2025-11-16 15:59:26.890,2116,280371.47
2025-11-16 15:59:26.890,2117,288853.09
2025-11-16 15:59:26.890,2118,280371.47
2025-11-16 15:59:26.890,2119,284551.28
2025-11-16 15:59:26.890,2120,284551.28
2025-11-16 15:59:26.890,2121,284551.28
2025-11-16 15:59:26.890,2122,264774.34
2025-11-16 15:59:26.890,2123,280371.47
2025-11-16 15:59:26.890,2124,276308.56
2025-11-16 15:59:26.890,2125,261133.28
2025-11-16 15:59:26.890,2126,261133.28
2025-11-16 15:59:26.890,2127,282446.44
2025-11-16 15:59:26.890,2128,284551.28
2025-11-16 15:59:26.890,2129,280371.47
2025-11-16 15:59:26.890,2130,270422.94
2025-11-16 15:59:26.890,2131,297844.91
2025-11-16 15:59:26.890,2132,293282.41
2025-11-16 15:59:26.890,2133,322883.13
2025-11-16 15:59:26.890,2134,317555.0
2025-11-16 15:59:26.890,2135,280371.47
2025-11-16 15:59:26.890,2136,284551.28
2025-11-16 15:59:26.890,2137,293282.41
2025-11-16 15:59:26.890,2138,312394.69
2025-11-16 15:59:26.890,2139,288853.09
2025-11-16 15:59:26.890,2140,264774.34
2025-11-16 15:59:26.890,2141,293282.41
2025-11-16 15:59:26.890,2142,264774.34
2025-11-16 15:59:26.890,2143,334076.69
2025-11-16 15:59:26.890,2144,189679.88
2025-11-16 15:59:26.890,2145,264774.34
2025-11-16 15:59:26.890,2146,280371.47
2025-11-16 15:59:26.890,2147,293282.41
2025-11-16 15:59:26.890,2148,270422.94
2025-11-16 15:59:26.890,2149,264774.34
2025-11-16 15:59:26.890,2150,284551.28
2025-11-16 15:59:26.890,2151,339960.47
2025-11-16 15:59:26.890,2152,640033.69
2025-11-16 15:59:26.890,2153,650520.19
2025-11-16 15:59:26.890,2154,270422.94
2025-11-16 15:59:26.890,2155,270422.94
2025-11-16 15:59:26.890,2156,104608.9
2025-11-16 15:59:26.890,2157,550970.88
2025-11-16 15:59:26.890,2158,403612.41
2025-11-16 15:59:26.890,2159,403612.41
2025-11-16 15:59:26.890,2160,372678.72
2025-11-16 15:59:26.890,2161,362238.63
2025-11-16 15:59:26.890,2162,322883.13
2025-11-16 15:59:26.890,2163,322883.13
2025-11-16 15:59:26.890,2164,295546.66
2025-11-16 15:59:26.890,2165,355589.28
2025-11-16 15:59:26.890,2166,280371.47
2025-11-16 15:59:26.890,2167,342978.47
2025-11-16 15:59:26.890,2168,328387.41
2025-11-16 15:59:26.890,2169,346048.91
2025-11-16 15:59:26.890,2170,339960.47
2025-11-16 15:59:26.890,2171,331208.34
2025-11-16 15:59:26.890,2172,328387.41
2025-11-16 15:59:26.890,2173,339960.47
2025-11-16 15:59:26.890,2174,297844.91
2025-11-16 15:59:26.890,2175,322883.13
2025-11-16 15:59:26.890,2176,339960.47
2025-11-16 15:59:26.890,2177,295546.66
2025-11-16 15:59:26.890,2178,334076.69
2025-11-16 15:59:26.890,2179,395419.56
2025-11-16 15:59:26.890,2180,403612.41
2025-11-16 15:59:26.890,2181,387544.88
2025-11-16 15:59:26.890,2182,376290.09
2025-11-16 15:59:26.890,2183,403612.41
2025-11-16 15:59:26.890,2184,358884.03
2025-11-16 15:59:26.890,2185,403612.41
2025-11-16 15:59:26.890,2186,444986.13
2025-11-16 15:59:26.890,2187,365654.84
2025-11-16 15:59:26.890,2188,362238.63
2025-11-16 15:59:26.890,2189,372678.72
2025-11-16 15:59:26.890,2190,362238.63
2025-11-16 15:59:26.890,2191,395419.56
2025-11-16 15:59:26.890,2192,241163.34
2025-11-16 15:59:26.890,2193,387544.88
2025-11-16 15:59:26.890,2194,379970.25
2025-11-16 15:59:26.890,2195,403612.41
2025-11-16 15:59:26.890,2196,395419.56
2025-11-16 15:59:26.890,2197,358884.03
2025-11-16 15:59:26.890,2198,387544.88
2025-11-16 15:59:26.890,2199,460679.59
2025-11-16 15:59:26.890,2200,988899.38
2025-11-16 15:59:26.890,2201,920784.13
2025-11-16 15:59:26.890,2202,346048.91
2025-11-16 15:59:26.890,2203,346048.91
2025-11-16 15:59:26.890,2204,145616.44
2025-11-16 15:59:26.890,2205,861364.44
2025-11-16 15:59:26.890,2206,566776.38
2025-11-16 15:59:26.890,2207,566776.38
2025-11-16 15:59:26.890,2208,229407.17
2025-11-16 15:59:26.890,2209,229407.17
2025-11-16 15:59:26.890,2210,229407.17
2025-11-16 15:59:26.890,2211,229407.17
2025-11-16 15:59:26.890,2212,229407.17
2025-11-16 15:59:26.890,2213,229407.17
2025-11-16 15:59:26.890,2214,229407.17
2025-11-16 15:59:26.890,2215,229407.17
2025-11-16 15:59:26.890,2216,229407.17
2025-11-16 15:59:26.890,2217,229407.17
2025-11-16 15:59:26.890,2218,229407.17
2025-11-16 15:59:26.890,2219,229407.17
2025-11-16 15:59:26.890,2220,229407.17
2025-11-16 15:59:26.890,2221,229407.17
2025-11-16 15:59:26.890,2222,229407.17
2025-11-16 15:59:26.890,2223,229407.17
2025-11-16 15:59:26.890,2224,229407.17
2025-11-16 15:59:26.890,2225,229407.17
2025-11-16 15:59:26.890,2226,229407.17
2025-11-16 15:59:26.890,2227,229407.17
2025-11-16 15:59:26.890,2228,229407.17
2025-11-16 15:59:26.890,2229,229407.17
2025-11-16 15:59:26.890,2230,229407.17
2025-11-16 15:59:26.890,2231,229407.17
2025-11-16 15:59:26.890,2232,229407.17
2025-11-16 15:59:26.890,2233,229407.17
2025-11-16 15:59:26.890,2234,229407.17
2025-11-16 15:59:26.890,2235,229407.17
2025-11-16 15:59:26.890,2236,229407.17
2025-11-16 15:59:26.890,2237,229407.17
2025-11-16 15:59:26.890,2238,229407.17
2025-11-16 15:59:26.890,2239,229407.17
2025-11-16 15:59:26.890,2240,229407.17
2025-11-16 15:59:26.890,2241,229407.17
2025-11-16 15:59:26.890,2242,229407.17
2025-11-16 15:59:26.890,2243,229407.17
2025-11-16 15:59:26.890,2244,229407.17
2025-11-16 15:59:26.890,2245,229407.17
2025-11-16 15:59:26.890,2246,229407.17
2025-11-16 15:59:26.890,2247,229407.17
2025-11-16 15:59:26.890,2248,229407.17
2025-11-16 15:59:26.890,2249,229407.17
2025-11-16 15:59:26.890,2250,229407.17
2025-11-16 15:59:26.890,2251,229407.17
2025-11-16 15:59:26.890,2252,229407.17
2025-11-16 15:59:26.890,2253,229407.17
2025-11-16 15:59:26.890,2254,229407.17
2025-11-16 15:59:26.890,2255,229407.17
2025-11-16 15:59:26.890,2256,229407.17
2025-11-16 15:59:26.890,2257,197793.8
2025-11-16 15:59:26.890,2258,212483.69
2025-11-16 15:59:26.890,2259,205453.95
2025-11-16 15:59:26.890,2260,204325.27
2025-11-16 15:59:26.890,2261,216173.34
2025-11-16 15:59:26.890,2262,210090.06
2025-11-16 15:59:26.890,2263,212483.69
2025-11-16 15:59:26.890,2264,211280.41
2025-11-16 15:59:26.890,2265,197793.8
2025-11-16 15:59:26.890,2266,226638.0
2025-11-16 15:59:26.890,2267,235144.47
2025-11-16 15:59:26.890,2268,223932.14
2025-11-16 15:59:26.890,2269,238117.42
2025-11-16 15:59:26.890,2270,204325.27
2025-11-16 15:59:26.890,2271,191648.39
2025-11-16 15:59:26.890,2272,232241.86
2025-11-16 15:59:26.890,2273,204325.27
2025-11-16 15:59:26.890,2274,226638.0
2025-11-16 15:59:26.890,2275,238117.42
2025-11-16 15:59:26.890,2276,247485.06
2025-11-16 15:59:26.890,2277,254133.06
2025-11-16 15:59:26.890,2278,247485.06
2025-11-16 15:59:26.890,2279,232241.86
2025-11-16 15:59:26.890,2280,226638.0
2025-11-16 15:59:26.890,2281,228014.55
2025-11-16 15:59:26.890,2282,247485.06
2025-11-16 15:59:26.890,2283,239631.09
2025-11-16 15:59:26.890,2284,216173.34
2025-11-16 15:59:26.890,2285,229407.17
2025-11-16 15:59:26.890,2286,205453.95
2025-11-16 15:59:26.890,2287,229407.17
2025-11-16 15:59:26.890,2288,119906.74
2025-11-16 15:59:26.890,2289,218701.81
2025-11-16 15:59:26.890,2290,208912.44
2025-11-16 15:59:26.890,2291,226638.0
2025-11-16 15:59:26.890,2292,216173.34
2025-11-16 15:59:26.890,2293,191648.39
2025-11-16 15:59:26.890,2294,204325.27
2025-11-16 15:59:26.890,2295,249115.52
2025-11-16 15:59:26.890,2296,495554.03
2025-11-16 15:59:26.890,2297,444986.13
2025-11-16 15:59:26.890,2298,207747.34
2025-11-16 15:59:26.890,2299,207747.34
2025-11-16 15:59:26.890,2300,53378.87
2025-11-16 15:59:26.890,2301,421032.91
2025-11-16 15:59:26.890,2302,334076.69
2025-11-16 15:59:26.890,2303,334076.69
